L_nH,AC:QH_S_L,AC:QH_S_R,AC:QL_D_L,AC:QL_D_R,DCN:CapB1N,DCN:CapB2N,DCN:CapB3N,DCN:CapNL,DCN:CapNR,DCN:QL_S_L,DCN:QL_S_R,DCP:CapB1P,DCP:CapB2P,DCP:CapB3P,DCP:CapPL,DCP:CapPR,DCP:QH_D_L,DCP:QH_D_R
AC:QH_S_L,1.11464,0.38656,1.05591,0.36203,-0.00005,-0.00027,-0.00562,0.00241,-0.01846,-0.07548,-0.14583,-0.00040,-0.00652,-0.00689,0.04543,-0.08255,0.05417,-0.10073
AC:QH_S_R,0.38656,1.11558,0.36196,1.05687,-0.00005,-0.00028,-0.00561,-0.01846,0.00241,-0.14613,-0.07544,-0.00039,-0.00648,-0.00684,-0.08256,0.04555,-0.10098,0.05429
AC:QL_D_L,1.05591,0.36196,1.07648,0.33978,-0.00004,-0.00023,-0.00463,0.00281,-0.01610,-0.00334,-0.13098,-0.00034,-0.00503,-0.00534,0.04898,-0.07543,0.05733,-0.09175
AC:QL_D_R,0.36203,1.05687,0.33978,1.07746,-0.00004,-0.00024,-0.00462,-0.01610,0.00279,-0.13129,-0.00330,-0.00034,-0.00499,-0.00530,-0.07546,0.04904,-0.09199,0.05737
DCN:CapB1N,-0.00005,-0.00005,-0.00004,-0.00004,0.03252,0.02934,0.02644,0.02645,0.02645,0.02654,0.02654,0.00172,0.00110,0.00104,0.00115,0.00114,0.00117,0.00117
DCN:CapB2N,-0.00027,-0.00028,-0.00023,-0.00024,0.02934,0.03237,0.02995,0.03002,0.03003,0.03031,0.03032,0.00165,0.00635,0.00634,0.00709,0.00709,0.00715,0.00715
DCN:CapB3N,-0.00562,-0.00561,-0.00463,-0.00462,0.02644,0.02995,0.15449,0.15747,0.15748,0.16437,0.16437,0.00221,0.06103,0.06850,0.12559,0.12560,0.12712,0.12712
DCN:CapNL,0.00241,-0.01846,0.00281,-0.01610,0.02645,0.03002,0.15747,0.20585,0.16239,0.20981,0.17812,0.00229,0.06361,0.07126,0.16314,0.13466,0.16520,0.13755
DCN:CapNR,-0.01846,0.00241,-0.01610,0.00279,0.02645,0.03003,0.15748,0.16239,0.20588,0.17816,0.20988,0.00229,0.06363,0.07127,0.13468,0.16322,0.13761,0.16528
DCN:QL_S_L,-0.07548,-0.14613,-0.00334,-0.13129,0.02654,0.03031,0.16437,0.20981,0.17816,0.61761,0.26326,0.00260,0.07252,0.08058,0.23059,0.17735,0.28800,0.19079
DCN:QL_S_R,-0.14583,-0.07544,-0.13098,-0.00330,0.02654,0.03032,0.16437,0.17812,0.20988,0.26326,0.61740,0.00260,0.07253,0.08059,0.17733,0.23051,0.19092,0.28733
DCP:CapB1P,-0.00040,-0.00039,-0.00034,-0.00034,0.00172,0.00165,0.00221,0.00229,0.00229,0.00260,0.00260,0.07387,0.06495,0.06498,0.06575,0.06575,0.06580,0.06580
DCP:CapB2P,-0.00652,-0.00648,-0.00503,-0.00499,0.00110,0.00635,0.06103,0.06361,0.06363,0.07252,0.07253,0.06495,0.50879,0.50936,0.52638,0.52644,0.52808,0.52813
DCP:CapB3P,-0.00689,-0.00684,-0.00534,-0.00530,0.00104,0.00634,0.06850,0.07126,0.07127,0.08058,0.08059,0.06498,0.50936,0.51632,0.53384,0.53390,0.53562,0.53567
DCP:CapPL,0.04543,-0.08256,0.04898,-0.07546,0.00115,0.00709,0.12559,0.16314,0.13468,0.23059,0.17733,0.06575,0.52638,0.53384,1.24835,0.73675,1.25050,0.74386
DCP:CapPR,-0.08255,0.04555,-0.07543,0.04904,0.00114,0.00709,0.12560,0.13466,0.16322,0.17735,0.23051,0.06575,0.52644,0.53390,0.73675,1.24855,0.74395,1.25056
DCP:QH_D_L,0.05417,-0.10098,0.05733,-0.09199,0.00117,0.00715,0.12712,0.16520,0.13761,0.28800,0.19092,0.06580,0.52808,0.53562,1.25050,0.74395,1.31411,0.75272
DCP:QH_D_R,-0.10073,0.05429,-0.09175,0.05737,0.00117,0.00715,0.12712,0.13755,0.16528,0.19079,0.28733,0.06580,0.52813,0.53567,0.74386,1.25056,0.75272,1.31355
