Ref,Val,Package,PosX,PosY,Rot,Side
"J1","DC+","Wuerth_REDCUBE-THR_WP-THRBU_74650174_THR",94.000000,-81.200001,0.000000,bottom
"J2","DC-","Wuerth_REDCUBE-THR_WP-THRBU_74650174_THR",106.000000,-81.200001,0.000000,bottom
"J3","AC","Wuerth_REDCUBE-THR_WP-THRBU_74650174_THR",89.500000,-117.600000,0.000000,bottom
"J4","AC","Wuerth_REDCUBE-THR_WP-THRBU_74650174_THR",110.500000,-117.600000,0.000000,bottom
"C1","1uF 100V X7S","C_0805_2012Metric_TightCrtYd",86.500000,-101.200000,90.000000,top
"C2","1uF 100V X7S","C_0805_2012Metric_TightCrtYd",88.100000,-101.200000,90.000000,top
"C3","1uF 100V X7S","C_0805_2012Metric_TightCrtYd",89.700000,-101.200000,90.000000,top
"C4","1uF 100V X7S","C_0805_2012Metric_TightCrtYd",91.300000,-101.200000,90.000000,top
"C5","1uF 100V X7S","C_0805_2012Metric_TightCrtYd",92.900000,-101.200000,90.000000,top
"C6","1uF 100V X7S","C_0805_2012Metric_TightCrtYd",94.500000,-101.200000,90.000000,top
"C7","1uF 100V X7S","C_0805_2012Metric_TightCrtYd",105.500000,-101.200000,90.000000,top
"C8","1uF 100V X7S","C_0805_2012Metric_TightCrtYd",107.100000,-101.200000,90.000000,top
"C9","1uF 100V X7S","C_0805_2012Metric_TightCrtYd",108.700000,-101.200000,90.000000,top
"C10","1uF 100V X7S","C_0805_2012Metric_TightCrtYd",110.300000,-101.200000,90.000000,top
"C11","1uF 100V X7S","C_0805_2012Metric_TightCrtYd",111.900000,-101.200000,90.000000,top
"C12","1uF 100V X7S","C_0805_2012Metric_TightCrtYd",113.500000,-101.200000,90.000000,top
"C13","10uF 100V X7S","C_1210_3225Metric_TightCrtYd",94.250000,-89.300000,90.000000,top
"C14","10uF 100V X7S","C_1210_3225Metric_TightCrtYd",91.250000,-89.300000,90.000000,top
"C15","10uF 100V X7S","C_1210_3225Metric_TightCrtYd",88.250000,-89.300000,90.000000,top
"C16","10uF 100V X7S","C_1210_3225Metric_TightCrtYd",85.250000,-89.300000,90.000000,top
"C17","10uF 100V X7S","C_1210_3225Metric_TightCrtYd",105.750000,-89.300000,90.000000,top
"C18","10uF 100V X7S","C_1210_3225Metric_TightCrtYd",108.750000,-89.300000,90.000000,top
"C19","10uF 100V X7S","C_1210_3225Metric_TightCrtYd",111.750000,-89.300000,90.000000,top
"C20","10uF 100V X7S","C_1210_3225Metric_TightCrtYd",114.750000,-89.300000,90.000000,top
"C21","10uF 100V X7S","C_1210_3225Metric_TightCrtYd",94.250000,-93.300000,90.000000,top
"C22","10uF 100V X7S","C_1210_3225Metric_TightCrtYd",91.250000,-93.300000,90.000000,top
"C23","10uF 100V X7S","C_1210_3225Metric_TightCrtYd",88.250000,-93.300000,90.000000,top
"C24","10uF 100V X7S","C_1210_3225Metric_TightCrtYd",85.250000,-93.300000,90.000000,top
"C25","10uF 100V X7S","C_1210_3225Metric_TightCrtYd",105.750000,-93.300000,90.000000,top
"C26","10uF 100V X7S","C_1210_3225Metric_TightCrtYd",108.750000,-93.300000,90.000000,top
"C27","10uF 100V X7S","C_1210_3225Metric_TightCrtYd",111.750000,-93.300000,90.000000,top
"C28","10uF 100V X7S","C_1210_3225Metric_TightCrtYd",114.750000,-93.300000,90.000000,top
"C29","10uF 100V X7S","C_1210_3225Metric_TightCrtYd",94.250000,-97.300000,90.000000,top
"C30","10uF 100V X7S","C_1210_3225Metric_TightCrtYd",91.250000,-97.300000,90.000000,top
"C31","10uF 100V X7S","C_1210_3225Metric_TightCrtYd",88.250000,-97.300000,90.000000,top
"C32","10uF 100V X7S","C_1210_3225Metric_TightCrtYd",85.250000,-97.300000,90.000000,top
"C33","10uF 100V X7S","C_1210_3225Metric_TightCrtYd",105.750000,-97.300000,90.000000,top
"C34","10uF 100V X7S","C_1210_3225Metric_TightCrtYd",108.750000,-97.300000,90.000000,top
"C35","10uF 100V X7S","C_1210_3225Metric_TightCrtYd",111.750000,-97.300000,90.000000,top
"C36","10uF 100V X7S","C_1210_3225Metric_TightCrtYd",114.750000,-97.300000,90.000000,top
"C100","1uF 16V X7R 0402","C_0402_1005Metric",96.250000,-116.950000,0.000000,top
"C101","1uF 16V X7R 0402","C_0402_1005Metric",96.250000,-117.950000,0.000000,top
"C102","1uF 16V X7R 0402","C_0402_1005Metric",103.750000,-116.950000,0.000000,top
"C103","1uF 16V X7R 0402","C_0402_1005Metric",103.750000,-117.950000,0.000000,top
"C104","100pF C0G 0402","C_0402_1005Metric",98.000000,-122.250000,0.000000,top
"C105","100pF C0G 0402","C_0402_1005Metric",99.830000,-123.350000,0.000000,top
"C106","22nF 25V X7R 0402","C_0402_1005Metric",102.200000,-122.250000,0.000000,top
"C107","4.7uF 25V X7R 0805","C_0805_2012Metric",84.400000,-129.100000,90.000000,top
"C108","10uF 16V X7R 0805","C_0805_2012Metric",93.000000,-128.900000,90.000000,top
"C109","4.7uF 16V X7R 0805","C_0805_2012Metric",89.200000,-132.299999,0.000000,top
"C110","4.7uF 16V X7R 0805","C_0805_2012Metric",89.200000,-134.500000,0.000000,top
"C111","4.7uF 25V X7R 0805 (12 V in)","C_0805_2012Metric",91.800001,-154.800000,0.000000,top
"C112","4.7uF 25V X7R 0805","C_0805_2012Metric",106.600000,-128.900000,90.000000,top
"C113","10uF 16V X7R 0805","C_0805_2012Metric",115.200000,-129.100000,90.000000,top
"C114","4.7uF 16V X7R 0805","C_0805_2012Metric",110.800000,-132.299999,0.000000,top
"C115","4.7uF 16V X7R 0805","C_0805_2012Metric",110.800000,-134.500000,0.000000,top
"C116","4.7uF 25V X7R 0805 (12 V in)","C_0805_2012Metric",108.199999,-154.800000,0.000000,top
"D1","PMEG3020EJ","D_SOD-323F",97.300000,-114.250000,90.000000,top
"D2","PMEG3020EJ","D_SOD-323F",102.700000,-114.250000,90.000000,top
"D3","green 0603 (ISO A)","LED_0603_1608Metric",82.400000,-128.500000,90.000000,top
"D4","green 0603 (VDD A)","LED_0603_1608Metric",82.400000,-135.100000,90.000000,top
"D5","green 0603 (ISO B)","LED_0603_1608Metric",117.600000,-128.500000,90.000000,top
"D6","green 0603 (VDD B)","LED_0603_1608Metric",117.600000,-135.100000,90.000000,top
"D7","green 0603 (12 V)","LED_0603_1608Metric",90.000000,-159.600000,0.000000,top
"D8","red 0603 (DC link present)","LED_0603_1608Metric",118.400000,-87.400000,0.000000,top
"J5","1:+12V 2:GND 3:PWM_H 4:GND 5:PWM_L 6:DIS","PinHeader_2x03_P2.54mm_Vertical",97.460000,-158.040000,90.000000,top
"J6","1:NTC 2:DC- (LS domain!)","PinHeader_1x02_P2.54mm_Vertical",103.000000,-133.500000,0.000000,top
"J7","FAN 12V: 1 +12V, 2 GND","PinHeader_1x02_P2.54mm_Vertical",113.000000,-155.600000,0.000000,top
"PS1","MGN1S1208MC","Murata_MGN1_SMD",91.800001,-145.900000,-90.000000,top
"PS2","MGN1S1208MC","Murata_MGN1_SMD",108.199999,-145.900000,-90.000000,top
"Q1","EPC2361","EPC2361",90.500000,-104.900000,180.000000,top
"Q2","EPC2361","EPC2361",109.500000,-104.900000,0.000000,top
"Q3","EPC2361","EPC2361",90.500000,-109.200000,180.000000,top
"Q4","EPC2361","EPC2361",109.500000,-109.200000,0.000000,top
"R1","0R5 1% (gate HL)","R_0402_1005Metric",97.000000,-104.900000,0.000000,top
"R2","0R5 1% (gate HR)","R_0402_1005Metric",103.000000,-104.900000,0.000000,top
"R3","0R5 1% (gate LL)","R_0402_1005Metric",97.000000,-109.200000,0.000000,top
"R4","0R5 1% (gate LR)","R_0402_1005Metric",103.000000,-109.200000,0.000000,top
"R5","0R75 1% (R_ON,A)","R_0603_1608Metric",99.000000,-112.200000,90.000000,top
"R6","0R (R_OFF,A)","R_0402_1005Metric",97.300000,-111.700000,90.000000,top
"R7","0R75 1% (R_ON,B)","R_0603_1608Metric",101.000000,-112.200000,90.000000,top
"R8","0R (R_OFF,B)","R_0402_1005Metric",102.700000,-111.700000,90.000000,top
"R9","47R 1% (INA)","R_0402_1005Metric",98.100000,-124.800000,90.000000,top
"R10","47R 1% (INB)","R_0402_1005Metric",99.350000,-124.800000,90.000000,top
"R11","3k 1% (RVDDI)","R_0402_1005Metric",101.900000,-123.800000,90.000000,top
"R12","102k 1%","R_0603_1608Metric",85.600000,-132.100000,0.000000,top
"R13","23.7k 1%","R_0603_1608Metric",85.600000,-133.900000,0.000000,top
"R14","2.2k 1% (shunt bias)","R_0603_1608Metric",96.400000,-129.900000,90.000000,top
"R15","102k 1%","R_0603_1608Metric",114.400000,-132.100000,0.000000,top
"R16","23.7k 1%","R_0603_1608Metric",114.400000,-133.900000,0.000000,top
"R17","2.2k 1% (shunt bias)","R_0603_1608Metric",103.600000,-129.900000,90.000000,top
"R30","2.7k (LED)","R_0603_1608Metric",82.400000,-131.700000,90.000000,top
"R31","1.8k (LED)","R_0603_1608Metric",82.400000,-138.300000,90.000000,top
"R32","2.7k (LED)","R_0603_1608Metric",117.600000,-131.700000,90.000000,top
"R33","1.8k (LED)","R_0603_1608Metric",117.600000,-138.300000,90.000000,top
"R34","4.7k (LED)","R_0603_1608Metric",93.400000,-159.600000,0.000000,top
"R35","10k (PWM_H pull-down)","R_0402_1005Metric",105.400000,-157.000000,90.000000,top
"R36","10k (PWM_L pull-down)","R_0402_1005Metric",106.600000,-157.000000,90.000000,top
"R37","68k 1206 (HV LED)","R_1206_3216Metric",116.100000,-83.500000,90.000000,top
"R38","68k 1206 (HV LED)","R_1206_3216Metric",118.600000,-83.500000,90.000000,top
"R39","100k 1206 (bleeder)","R_1206_3216Metric",119.200000,-91.500000,90.000000,top
"R41","10k 1% (HS gate pull-down)","R_0402_1005Metric",101.000000,-105.330000,90.000000,top
"R42","10k 1% (LS gate pull-down)","R_0402_1005Metric",101.000000,-108.750000,90.000000,top
"RT1","NTC 10k B3380","R_0402_1005Metric",115.400000,-102.400000,90.000000,top
"TP1","D: Vds Q3","Probe_2Sig1Gnd_2.5_5.0",86.600000,-110.500000,0.000000,top
"TP2","K: vKS Q3 (tip K)","Probe_2Sig1Gnd_2.5_5.0",84.500000,-110.500000,0.000000,top
"TP3","G: Vgs Q3","Probe_1Sig2Gnd_2.5_5.0",82.700000,-106.000000,0.000000,top
"TP4","H: Vgs Q1 (iso)","Probe_1Sig2Gnd_2.5_5.0",80.400000,-107.200000,180.000000,top
"TP5","D: Vds Q4","Probe_2Sig1Gnd_2.5_5.0",113.400000,-110.500000,0.000000,top
"TP6","K: vKS Q4 (tip K)","Probe_2Sig1Gnd_2.5_5.0",115.500000,-110.500000,0.000000,top
"TP7","G: Vgs Q4","Probe_1Sig2Gnd_2.5_5.0",117.300000,-106.000000,0.000000,top
"TP8","H: Vgs Q2 (iso)","Probe_1Sig2Gnd_2.5_5.0",119.600000,-107.200000,180.000000,top
"TP9","ISO A","Probe_1Sig2Gnd_2.5_5.0",80.400000,-128.000000,0.000000,top
"TP10","VDD A","Probe_1Sig2Gnd_2.5_5.0",80.400000,-135.000000,0.000000,top
"TP11","S A","Probe_1Sig2Gnd_2.5_5.0",80.400000,-142.000000,0.000000,top
"TP12","ISO B","Probe_1Sig2Gnd_2.5_5.0",119.600000,-128.000000,0.000000,top
"TP13","VDD B","Probe_1Sig2Gnd_2.5_5.0",119.600000,-135.000000,0.000000,top
"TP14","S B","Probe_1Sig2Gnd_2.5_5.0",119.600000,-142.000000,0.000000,top
"TP15","12V","Probe_1Sig2Gnd_2.5_5.0",87.000000,-154.500000,0.000000,top
"TP16","DC link","Probe_1Sig2Gnd_2.5_5.0",113.800000,-85.000000,180.000000,top
"U1","2EDF7275K","2EDF7275K_PG-TFLGA-13-4",100.000000,-119.100000,0.000000,top
"U2","TPS7A4901 6.29 V","HVSSOP-8-1EP_3x3mm_P0.65mm_EP1.57x1.89mm",88.600000,-128.900000,180.000000,top
"U3","TPS7A4901 6.29 V","HVSSOP-8-1EP_3x3mm_P0.65mm_EP1.57x1.89mm",111.000000,-128.900000,180.000000,top
"U4","TLV431A (1.24 V)","SOT-23",93.200000,-133.299999,0.000000,top
"U5","TLV431A (1.24 V)","SOT-23",106.800000,-133.299999,0.000000,top
