Cells,Levels,DeviceVendor,Vcell_V,Required_Device_V,Device_V,Parallel,RDSon_mOhm,Coss_pF,D_FOM_norm,Pcond_W,Psw_W,Psemi_W,Efficiency_pct,Total_Switches,Gate_Drivers,Practical_Score_W
3,4,GS-065-060-5-T-A | Infineon / GaN Systems,400,600,650,6,32,127,0.466653777474796,2457.6,109.728,2567.328,92.1168601857665,108,18,2571.828
3,4,GS-065-060-5-T-A | Infineon / GaN Systems,400,600,650,7,32,127,0.466653777474796,2106.51428571429,128.016,2234.53028571429,93.0678987225553,126,18,2239.03028571429
3,4,GS-065-060-5-T-A | Infineon / GaN Systems,400,600,650,8,32,127,0.466653777474796,1843.2,146.304,1989.504,93.7807600893093,144,18,1994.004
3,4,LMG3522R030-Q1 | Texas Instruments,400,600,650,6,35,235,0.328022536107702,2688,203.04,2891.04,91.2102505728004,108,18,2895.54
3,4,LMG3522R030-Q1 | Texas Instruments,400,600,650,7,35,235,0.328022536107702,2304,236.88,2540.88,92.1917292955814,126,18,2545.38
3,4,LMG3522R030-Q1 | Texas Instruments,400,600,650,8,35,235,0.328022536107702,2016,270.72,2286.72,92.9174595623216,144,18,2291.22
4,5,GS-065-060-5-T-A | Infineon / GaN Systems,300,450,650,6,32,127,0.466653777474796,3276.8,82.296,3359.096,89.9304945193959,144,24,3365.096
4,5,GS-065-060-5-T-A | Infineon / GaN Systems,300,450,650,7,32,127,0.466653777474796,2808.68571428571,96.012,2904.69771428571,91.1723920410774,168,24,2910.69771428571
4,5,GS-065-060-5-T-A | Infineon / GaN Systems,300,450,650,8,32,127,0.466653777474796,2457.6,109.728,2567.328,92.1168601857665,192,24,2573.328
4,5,LMG3522R030-Q1 | Texas Instruments,300,450,650,6,35,235,0.328022536107702,3584,152.28,3736.28,88.9250385638251,144,24,3742.28
4,5,LMG3522R030-Q1 | Texas Instruments,300,450,650,7,35,235,0.328022536107702,3072,177.66,3249.66,90.2264865264788,168,24,3255.66
4,5,LMG3522R030-Q1 | Texas Instruments,300,450,650,8,35,235,0.328022536107702,2688,203.04,2891.04,91.2102505728004,192,24,2897.04
5,6,GS-065-060-5-T-A | Infineon / GaN Systems,240,360,650,6,32,127,0.466653777474796,4096,65.8368,4161.8368,87.8172920725387,180,30,4169.3368
5,6,GS-065-060-5-T-A | Infineon / GaN Systems,240,360,650,7,32,127,0.466653777474796,3510.85714285714,76.8096,3587.66674285714,89.318499643563,210,30,3595.16674285714
5,6,GS-065-060-5-T-A | Infineon / GaN Systems,240,360,650,8,32,127,0.466653777474796,3072,87.7824,3159.7824,90.4710400029646,240,30,3167.2824
5,6,LMG3522R030-Q1 | Texas Instruments,240,360,650,6,35,235,0.328022536107702,4480,121.824,4601.824,86.7006317354831,180,30,4609.324
5,6,LMG3522R030-Q1 | Texas Instruments,240,360,650,7,35,235,0.328022536107702,3840,142.128,3982.128,88.2816991331443,210,30,3989.628
5,6,LMG3522R030-Q1 | Texas Instruments,240,360,650,8,35,235,0.328022536107702,3360,162.432,3522.432,89.4923136841623,240,30,3529.932
6,7,EPC7030MSH | EPC Space,200,300,300,7,26,235,0.380584441596005,3423.08571428571,118.44,3541.52571428571,89.4413696489145,252,36,3550.52571428571
6,7,EPC7030MSH | EPC Space,200,300,300,8,26,235,0.380584441596005,2995.2,135.36,3130.56,90.5508388629712,288,36,3139.56
6,7,GS-065-060-5-T-A | Infineon / GaN Systems,200,300,650,6,32,127,0.466653777474796,4915.2,54.864,4970.064,85.7876611263851,216,36,4979.064
6,7,GS-065-060-5-T-A | Infineon / GaN Systems,200,300,650,7,32,127,0.466653777474796,4213.02857142857,64.008,4277.03657142857,87.5221518566349,252,36,4286.03657142857
6,7,GS-065-060-5-T-A | Infineon / GaN Systems,200,300,650,8,32,127,0.466653777474796,3686.4,73.152,3759.552,88.8637384761504,288,36,3768.552
6,7,LMG3522R030-Q1 | Texas Instruments,200,300,650,6,35,235,0.328022536107702,5376,101.52,5477.52,84.5605893534836,216,36,5486.52
6,7,LMG3522R030-Q1 | Texas Instruments,200,300,650,7,35,235,0.328022536107702,4608,118.44,4726.44,86.3895060939158,252,36,4735.44
6,7,LMG3522R030-Q1 | Texas Instruments,200,300,650,8,35,235,0.328022536107702,4032,135.36,4167.36,87.8030962883875,288,36,4176.36
7,8,EPC7030MSH | EPC Space,171.428571428571,257.142857142857,300,7,26,235,0.380584441596005,3993.6,101.52,4095.12,87.9891315824669,294,42,4105.62
7,8,EPC7030MSH | EPC Space,171.428571428571,257.142857142857,300,8,26,235,0.380584441596005,3494.4,116.022857142857,3610.42285714286,89.2580260817053,336,42,3620.92285714286
7,8,GS-065-060-5-T-A | Infineon / GaN Systems,171.428571428571,257.142857142857,650,6,32,127,0.466653777474796,5734.4,47.0262857142857,5781.42628571428,83.8423816883384,252,42,5791.92628571428
7,8,GS-065-060-5-T-A | Infineon / GaN Systems,171.428571428571,257.142857142857,650,7,32,127,0.466653777474796,4915.2,54.864,4970.064,85.7876611263851,294,42,4980.564
7,8,GS-065-060-5-T-A | Infineon / GaN Systems,171.428571428571,257.142857142857,650,8,32,127,0.466653777474796,4300.8,62.7017142857143,4363.50171428571,87.3019293826167,336,42,4374.00171428571
7,8,LMG3522R030-Q1 | Texas Instruments,171.428571428571,257.142857142857,650,6,35,235,0.328022536107702,6272,87.0171428571429,6359.01714285714,82.5104811885533,252,42,6369.51714285714
7,8,LMG3522R030-Q1 | Texas Instruments,171.428571428571,257.142857142857,650,7,35,235,0.328022536107702,5376,101.52,5477.52,84.5605893534836,294,42,5488.02
7,8,LMG3522R030-Q1 | Texas Instruments,171.428571428571,257.142857142857,650,8,35,235,0.328022536107702,4704,116.022857142857,4820.02285714286,86.1573242587516,336,42,4830.52285714286
8,9,EPC7030MSH | EPC Space,150,225,300,7,26,235,0.380584441596005,4564.11428571428,88.83,4652.94428571428,86.5727303072701,336,48,4664.94428571428
8,9,EPC7030MSH | EPC Space,150,225,300,8,26,235,0.380584441596005,3993.6,101.52,4095.12,87.9891315824669,384,48,4107.12
8,9,GS-065-060-5-T-A | Infineon / GaN Systems,150,225,650,6,32,127,0.466653777474796,6553.6,41.148,6594.748,81.9789768739492,288,48,6606.748
8,9,GS-065-060-5-T-A | Infineon / GaN Systems,150,225,650,7,32,127,0.466653777474796,5617.37142857143,48.006,5665.37742857143,84.1151900329172,336,48,5677.37742857143
8,9,GS-065-060-5-T-A | Infineon / GaN Systems,150,225,650,8,32,127,0.466653777474796,4915.2,54.864,4970.064,85.7876611263851,384,48,4982.064
8,9,LMG3522R030-Q1 | Texas Instruments,150,225,650,6,35,235,0.328022536107702,7168,76.14,7244.14,80.5495844446938,288,48,7256.14
8,9,LMG3522R030-Q1 | Texas Instruments,150,225,650,7,35,235,0.328022536107702,6144,88.83,6232.83,82.7978383140373,336,48,6244.83
8,9,LMG3522R030-Q1 | Texas Instruments,150,225,650,8,35,235,0.328022536107702,5376,101.52,5477.52,84.5605893534836,384,48,5489.52
9,10,EPC2304 | EPC,133.333333333333,200,200,3,5,704,0.501418442566141,2304,101.376,2405.376,92.5772316297148,162,54,2418.876
9,10,EPC2304 | EPC,133.333333333333,200,200,4,5,704,0.501418442566141,1728,135.168,1863.168,94.1525965026453,216,54,1876.668
9,10,EPC2304 | EPC,133.333333333333,200,200,5,5,704,0.501418442566141,1382.4,168.96,1551.36,95.0830645652042,270,54,1564.86
9,10,EPC2304 | EPC,133.333333333333,200,200,6,5,704,0.501418442566141,1152,202.752,1354.752,95.6792769402226,324,54,1368.252
9,10,EPC2304 | EPC,133.333333333333,200,200,7,5,704,0.501418442566141,987.428571428571,236.544,1223.97257142857,96.0800229098697,378,54,1237.47257142857
9,10,EPC2304 | EPC,133.333333333333,200,200,8,5,704,0.501418442566141,864,270.336,1134.336,96.3566398204221,432,54,1147.836
9,10,EPC2034C | EPC,133.333333333333,200,200,7,8,641,0.415429781402503,1579.88571428571,215.376,1795.26171428571,94.3536815943896,378,54,1808.76171428571
9,10,EPC2034C | EPC,133.333333333333,200,200,8,8,641,0.415429781402503,1382.4,246.144,1628.544,94.8510307651215,432,54,1642.044
9,10,EPC2307 | EPC,133.333333333333,200,200,6,10,343,0.507954223047087,2304,98.784,2402.784,92.5846371719171,324,54,2416.284
9,10,EPC2307 | EPC,133.333333333333,200,200,7,10,343,0.507954223047087,1974.85714285714,115.248,2090.10514285714,93.48676131302,378,54,2103.60514285714
9,10,EPC2307 | EPC,133.333333333333,200,200,8,10,343,0.507954223047087,1728,131.712,1859.712,94.162809757979,432,54,1873.212
9,10,EPC7030MSH | EPC Space,133.333333333333,200,300,7,26,235,0.380584441596005,5134.62857142857,78.96,5213.58857142857,85.194384375642,378,54,5227.08857142857
9,10,EPC7030MSH | EPC Space,133.333333333333,200,300,8,26,235,0.380584441596005,4492.8,90.24,4583.04,86.7477237397291,432,54,4596.54
9,10,GS-065-060-5-T-A | Infineon / GaN Systems,133.333333333333,200,650,6,32,127,0.466653777474796,7372.8,36.576,7409.376,80.1937995437294,324,54,7422.876
9,10,GS-065-060-5-T-A | Infineon / GaN Systems,133.333333333333,200,650,7,32,127,0.466653777474796,6319.54285714286,42.672,6362.21485714286,82.5032251689336,378,54,6375.71485714286
9,10,GS-065-060-5-T-A | Infineon / GaN Systems,133.333333333333,200,650,8,32,127,0.466653777474796,5529.6,48.768,5578.368,84.3208997107456,432,54,5591.868
9,10,LMG3522R030-Q1 | Texas Instruments,133.333333333333,200,650,6,35,235,0.328022536107702,8064,67.68,8131.68,78.6747397439609,324,54,8145.18
9,10,LMG3522R030-Q1 | Texas Instruments,133.333333333333,200,650,7,35,235,0.328022536107702,6912,78.96,6990.96,81.100896002699,378,54,7004.46
9,10,LMG3522R030-Q1 | Texas Instruments,133.333333333333,200,650,8,35,235,0.328022536107702,6048,90.24,6138.24,83.0145574327914,432,54,6151.74
10,11,EPC2304 | EPC,120,180,200,3,5,704,0.501418442566141,2560,91.2384,2651.2384,91.8801291163278,180,60,2666.2384
10,11,EPC2304 | EPC,120,180,200,4,5,704,0.501418442566141,1920,121.6512,2041.6512,93.6281336212785,240,60,2056.6512
10,11,EPC2304 | EPC,120,180,200,5,5,704,0.501418442566141,1536,152.064,1688.064,94.6728711479502,300,60,1703.064
10,11,EPC2304 | EPC,120,180,200,6,5,704,0.501418442566141,1280,182.4768,1462.4768,95.351679369375,360,60,1477.4768
10,11,EPC2304 | EPC,120,180,200,7,5,704,0.501418442566141,1097.14285714286,212.8896,1310.03245714286,95.8159338897651,420,60,1325.03245714286
10,11,EPC2304 | EPC,120,180,200,8,5,704,0.501418442566141,960,243.3024,1203.3024,96.14366971619,480,60,1218.3024
10,11,EPC2034C | EPC,120,180,200,7,8,641,0.415429781402503,1755.42857142857,193.8384,1949.26697142857,93.8988679359318,420,60,1964.26697142857
10,11,EPC2034C | EPC,120,180,200,8,8,641,0.415429781402503,1536,221.5296,1757.5296,94.4657861548525,480,60,1772.5296
10,11,EPC2307 | EPC,120,180,200,6,10,343,0.507954223047087,2560,88.9056,2648.9056,91.8866940520052,360,60,2663.9056
10,11,EPC2307 | EPC,120,180,200,7,10,343,0.507954223047087,2194.28571428571,103.7232,2298.00891428571,92.8849827232871,420,60,2313.00891428571
10,11,EPC2307 | EPC,120,180,200,8,10,343,0.507954223047087,1920,118.5408,2038.5408,93.6372233282235,480,60,2053.5408
10,11,EPC7030MSH | EPC Space,120,180,300,7,26,235,0.380584441596005,5705.14285714286,71.064,5776.20685714286,83.854613541878,420,60,5791.20685714286
10,11,EPC7030MSH | EPC Space,120,180,300,8,26,235,0.380584441596005,4992,81.216,5073.216,85.5353555259945,480,60,5088.216
10,11,GS-065-060-5-T-A | Infineon / GaN Systems,120,180,650,6,32,127,0.466653777474796,8192,32.9184,8224.9184,78.482835950279,360,60,8239.9184
10,11,GS-065-060-5-T-A | Infineon / GaN Systems,120,180,650,7,32,127,0.466653777474796,7021.71428571429,38.4048,7060.11908571429,80.9495510001322,420,60,7075.11908571429
10,11,GS-065-060-5-T-A | Infineon / GaN Systems,120,180,650,8,32,127,0.466653777474796,6144,43.8912,6187.8912,82.9006582179621,480,60,6202.8912
10,11,LMG3522R030-Q1 | Texas Instruments,120,180,650,6,35,235,0.328022536107702,8960,60.912,9020.912,76.8818524795115,360,60,9035.912
10,11,LMG3522R030-Q1 | Texas Instruments,120,180,650,7,35,235,0.328022536107702,7680,71.064,7751.064,79.4679588368688,420,60,7766.064
10,11,LMG3522R030-Q1 | Texas Instruments,120,180,650,8,35,235,0.328022536107702,6720,81.216,6801.216,81.5190454576284,480,60,6816.216
