frequency_hz,parallel_per_bank,total_devices,phase_voltage_rms_v,line_voltage_rms_v,phase_current_rms_a,peak_device_a,conduction_w,overlap_w,coss_w,deadtime_w,gate_drive_w,fet_loss_w,total_modeled_loss_w,efficiency_estimate_pct,hottest_device_w,junction_estimate_c,required_max_sink_k_per_w,loss_budget_w,remaining_other_loss_budget_w,minimum_pulse_margin_ns,passes_screen,failed_constraints
10000.0,5,30,30.49397993866986,52.81712257876227,204.95848730044858,57.97101449275364,41.58790170132326,2.07593404032907,0.9600000000000001,0.44286592860353496,0.051000000000000004,45.066701670255874,45.117701670255876,99.75994988493078,1.8026680668102348,65.76853781379275,1.414306572058282,94.22110552763652,49.10340385738065,173.53928239478236,True,
11000.0,5,30,30.49397993866986,52.81712257876227,204.95848730044858,57.97101449275364,41.58790170132326,2.2835274443619773,1.056,0.4871525214638885,0.056100000000000004,45.41458166714913,45.47068166714913,99.75807638745913,1.816583266685965,65.8130664533951,1.4032583671120344,94.22110552763652,48.750423860487395,155.03571126798397,True,
12000.0,5,30,30.49397993866986,52.81712257876227,204.95848730044858,57.97101449275364,41.58790170132326,2.491120848394884,1.1520000000000001,0.531439114324242,0.061200000000000004,45.76246166404239,45.82366166404239,99.75620296035494,1.8304984665616955,65.85759509299743,1.3923781360624095,94.22110552763652,48.397443863594134,139.61606866231864,True,
13000.0,5,30,30.49397993866986,52.81712257876227,204.95848730044858,57.97101449275364,41.58790170132326,2.6987142524277914,1.248,0.5757257071845955,0.0663,46.110341660935646,46.176641660935644,99.75432960361424,1.8444136664374258,65.90212373259976,1.381662077066489,94.22110552763652,48.04446386670088,126.56867876521719,True,
14000.0,5,30,30.49397993866986,52.81712257876227,204.95848730044858,57.97101449275364,41.58790170132326,2.906307656460698,1.344,0.620012300044949,0.0714,46.45822165782891,46.529621657828905,99.75245631723307,1.8583288663131563,65.9466523722021,1.371106502154426,94.22110552763652,47.69148386980762,115.38520171055883,True,
15000.0,5,30,30.49397993866986,52.81712257876227,204.95848730044858,57.97101449275364,41.58790170132326,3.113901060493605,1.44,0.6642988929053024,0.0765,46.80610165472216,46.882601654722166,99.75058310120747,1.8722440661888864,65.99118101180444,1.3607078329977156,94.22110552763652,47.33850387291436,105.6928549298549,True,
16000.0,5,30,30.49397993866986,52.81712257876227,204.95848730044858,57.97101449275364,41.58790170132326,3.3214944645265123,1.536,0.7085854857656559,0.0816,47.153981651615425,47.235581651615426,99.74870995553346,1.886159266064617,66.03570965140678,1.3504625968647803,94.22110552763652,46.9855238760211,97.21205149673898,True,
17000.0,5,30,30.49397993866986,52.81712257876227,204.95848730044858,57.97101449275364,41.58790170132326,3.529087868559419,1.6320000000000001,0.7528720786260095,0.0867,47.501861648508694,47.588561648508694,99.74683688020706,1.9000744659403477,66.08023829100912,1.3403674227542755,94.22110552763652,46.63254387912783,89.72898964398965,True,
18000.0,5,30,30.49397993866986,52.81712257876227,204.95848730044858,57.97101449275364,41.58790170132326,3.7366812725923264,1.728,0.797158671486363,0.0918,47.849741645401956,47.941541645401955,99.74496387522436,1.9139896658160782,66.12476693061146,1.3304190376970628,94.22110552763652,46.27956388223457,83.07737910821244,True,
19000.0,5,30,30.49397993866986,52.81712257876227,204.95848730044858,57.97101449275364,41.58790170132326,3.9442746766252332,1.824,0.8414452643467164,0.0969,48.19762164229521,48.29452164229521,99.74309094058137,1.9279048656918083,66.16929557021378,1.3206142632183342,94.22110552763652,45.926583885341316,77.12593810251703,True,
20000.0,5,30,30.49397993866986,52.81712257876227,204.95848730044858,57.97101449275364,41.58790170132326,4.15186808065814,1.9200000000000002,0.8857318572070699,0.10200000000000001,48.54550163918847,48.64750163918847,99.74121807627412,1.9418200655675388,66.21382420981612,1.3109500119518507,94.22110552763652,45.573603888448055,71.76964119739118,True,
21000.0,5,30,30.49397993866986,52.81712257876227,204.95848730044858,57.97101449275364,41.58790170132326,4.359461484691047,2.016,0.9300184500674235,0.1071,48.89338163608173,49.00048163608173,99.73934528229866,1.955735265443269,66.25835284941846,1.3014232843987235,94.22110552763652,45.220623891554794,66.92346780703922,True,
22000.0,5,30,30.49397993866986,52.81712257876227,204.95848730044858,57.97101449275364,41.58790170132326,4.567054888723955,2.112,0.974305042927777,0.11220000000000001,49.24126163297499,49.35346163297499,99.73747255865104,1.9696504653189995,66.3028814890208,1.2920311658235821,94.22110552763652,44.86764389466153,62.51785563399198,True,
23000.0,5,30,30.49397993866986,52.81712257876227,204.95848730044858,57.97101449275364,41.58790170132326,4.774648292756861,2.208,1.0185916357881304,0.1173,49.58914162986825,49.70644162986825,99.73559990532726,1.98356566519473,66.34741012862314,1.2827708232813928,94.22110552763652,44.51466389776827,58.4953401716445,True,
24000.0,5,30,30.49397993866986,52.81712257876227,204.95848730044858,57.97101449275364,41.58790170132326,4.982241696789768,2.3040000000000003,1.062878228648484,0.12240000000000001,49.93702162676152,50.05942162676152,99.73372732232339,1.9974808650704605,66.39193876822549,1.273639502768546,94.22110552763652,44.161683900875005,54.80803433115931,True,
25000.0,5,30,30.49397993866986,52.81712257876227,204.95848730044858,57.97101449275364,41.58790170132326,5.189835100822675,2.4,1.1071648215088374,0.1275,50.284901623654775,50.41240162365477,99.73185480963544,2.011396064946191,66.4364674078278,1.264634526492203,94.22110552763652,43.80870390398175,51.41571295791294,True,
26000.0,5,30,30.49397993866986,52.81712257876227,204.95848730044858,57.97101449275364,41.58790170132326,5.397428504855583,2.496,1.151451414369191,0.1326,50.63278162054804,50.765381620548034,99.7299823672595,2.0253112648219216,66.48099604743014,1.2557532902522066,94.22110552763652,43.45572390708849,48.28433938260859,True,
27000.0,5,30,30.49397993866986,52.81712257876227,204.95848730044858,57.97101449275364,41.58790170132326,5.60502190888849,2.592,1.1957380072295445,0.13770000000000002,50.98066161744129,51.118361617441295,99.72810999519156,2.0392264646976517,66.52552468703249,1.246993260930189,94.22110552763652,43.10274391019523,45.38491940547494,True,
28000.0,5,30,30.49397993866986,52.81712257876227,204.95848730044858,57.97101449275364,41.58790170132326,5.812615312921396,2.688,1.240024600089898,0.1428,51.328541614334554,51.471341614334555,99.72623769342769,2.053141664573382,66.57005332663482,1.2383519740807793,94.22110552763652,42.74976391330197,42.69260085527941,True,
29000.0,5,30,30.49397993866986,52.81712257876227,204.95848730044858,57.97101449275364,41.58790170132326,6.020208716954303,2.7840000000000003,1.2843111929502515,0.1479,51.67642161122781,51.82432161122781,99.72436546196393,2.0670568644491123,66.61458196623717,1.2298270316201105,94.22110552763652,42.396783916408715,40.18595944647667,True,
30000.0,5,30,30.49397993866986,52.81712257876227,204.95848730044858,57.97101449275364,41.58790170132326,6.22780212098721,2.88,1.3285977858106048,0.153,52.02430160812108,52.17730160812108,99.7224933007963,2.080972064324843,66.6591106058395,1.2214160996070613,94.22110552763652,42.04380391951545,37.846427464927444,True,
31000.0,5,30,30.49397993866986,52.81712257876227,204.95848730044858,57.97101449275364,41.58790170132326,6.435395525020118,2.976,1.3728843786709584,0.15810000000000002,52.37218160501434,52.53028160501434,99.72062120992085,2.0948872642005734,66.70363924544185,1.2131169061129319,94.22110552763652,41.69082392262219,35.657833030574956,True,
32000.0,5,30,30.49397993866986,52.81712257876227,204.95848730044858,57.97101449275364,41.58790170132326,6.642988929053025,3.072,1.4171709715313119,0.1632,52.7200616019076,52.883261601907606,99.71874918933364,2.108802464076304,66.74816788504417,1.2049272391754577,94.22110552763652,41.33784392572892,33.606025748369476,True,
33000.0,5,30,30.49397993866986,52.81712257876227,204.95848730044858,57.97101449275364,41.58790170132326,6.8505823330859315,3.168,1.4614575643916654,0.1683,53.06794159880086,53.23624159880086,99.71687723903068,2.122717663952034,66.7926965246465,1.1968449448332996,94.22110552763652,40.984863928835665,31.67857042266132,True,
34000.0,5,30,30.49397993866986,52.81712257876227,204.95848730044858,57.97101449275364,41.58790170132326,7.058175737118838,3.2640000000000002,1.505744157252019,0.1734,53.41582159569412,53.58922159569412,99.715005359008,2.1366328638277645,66.83722516424885,1.1888679252373362,94.22110552763652,40.631883931942404,29.864494821994814,True,
35000.0,5,30,30.49397993866986,52.81712257876227,204.95848730044858,57.97101449275364,41.58790170132326,7.265769141151745,3.36,1.5500307501123725,0.17850000000000002,53.763701592587374,53.942201592587374,99.71313354926171,2.150548063703495,66.88175380385118,1.1809941368352848,94.22110552763652,40.27890393504915,28.15408068422353,True,
36000.0,5,30,30.49397993866986,52.81712257876227,204.95848730044858,57.97101449275364,41.58790170132326,7.473362545184653,3.456,1.594317342972726,0.1836,54.11158158948065,54.29518158948065,99.7112618097878,2.164463263579226,66.92628244345353,1.1732215886263444,94.22110552763652,39.925923938155876,26.538689554106213,True,
37000.0,5,30,30.49397993866986,52.81712257876227,204.95848730044858,57.97101449275364,41.58790170132326,7.68095594921756,3.552,1.6386039358330795,0.1887,54.459461586373905,54.6481615863739,99.70939014058233,2.178378463454956,66.97081108305585,1.1655483404827383,94.22110552763652,39.57294394126262,25.01061686345469,True,
38000.0,5,30,30.49397993866986,52.81712257876227,204.95848730044858,57.97101449275364,41.58790170132326,7.8885493532504665,3.648,1.6828905286934328,0.1938,54.80734158326717,55.00114158326717,99.70751854164133,2.1922936633306866,67.0153397226582,1.1579725015351718,94.22110552763652,39.219963944369354,23.562969051258516,True,
39000.0,5,30,30.49397993866986,52.81712257876227,204.95848730044858,57.97101449275364,41.58790170132326,8.096142757283374,3.744,1.7271771215537863,0.19890000000000002,55.15522158016042,55.354121580160424,99.70564701296085,2.2062088632064167,67.05986836226053,1.1504922286193986,94.22110552763652,38.8669839474761,22.189559588405732,True,
40000.0,5,30,30.49397993866986,52.81712257876227,204.95848730044858,57.97101449275364,41.58790170132326,8.30373616131628,3.8400000000000003,1.7714637144141399,0.20400000000000001,55.503101577053684,55.707101577053685,99.70377555453695,2.2201240630821473,67.10439700186288,1.1431057247811998,94.22110552763652,38.51400395058284,20.88482059869559,True,
41000.0,5,30,30.49397993866986,52.81712257876227,204.95848730044858,57.97101449275364,41.58790170132326,8.511329565349188,3.936,1.8157503072744934,0.2091,55.85098157394694,56.06008157394694,99.70190416636565,2.2340392629578774,67.14892564146521,1.1358112378372387,94.22110552763652,38.161023953689586,19.643727413361553,True,
42000.0,5,30,30.49397993866986,52.81712257876227,204.95848730044858,57.97101449275364,41.58790170132326,8.718922969382094,4.032,1.860036900134847,0.2142,56.198861570840194,56.41306157084019,99.70003284844297,2.2479544628336074,67.19345428106755,1.1286070589893664,94.22110552763652,37.80804395679633,18.461733903519608,True,
43000.0,5,30,30.49397993866986,52.81712257876227,204.95848730044858,57.97101449275364,41.58790170132326,8.926516373415001,4.128,1.9043234929952004,0.21930000000000002,56.54674156773346,56.76604156773346,99.69816160076503,2.2618696627093384,67.2379829206699,1.121491521490075,94.22110552763652,37.455063959903065,17.3347168359959,True,
44000.0,5,30,30.49397993866986,52.81712257876227,204.95848730044858,57.97101449275364,41.58790170132326,9.13410977744791,4.224,1.948610085855554,0.22440000000000002,56.894621564626725,57.11902156462673,99.69629042332782,2.275784862585069,67.28251156027221,1.114462999356914,94.22110552763652,37.1020839630098,16.258927816995993,True,
45000.0,5,30,30.49397993866986,52.81712257876227,204.95848730044858,57.97101449275364,41.58790170132326,9.341703181480815,4.32,1.9928966787159075,0.2295,57.24250156151999,57.47200156151999,99.6944193161274,2.2897000624607995,67.32704019987456,1.1075199061337813,94.22110552763652,36.749103966116536,15.230951643284966,True,
46000.0,5,30,30.49397993866986,52.81712257876227,204.95848730044858,57.97101449275364,41.58790170132326,9.549296585513723,4.416,2.037183271576261,0.2346,57.59038155841325,57.82498155841325,99.69254827915981,2.30361526233653,67.3715688394769,1.1006606936971108,94.22110552763652,36.396123969223275,14.247670085822252,True,
47000.0,5,30,30.49397993866986,52.81712257876227,204.95848730044858,57.97101449275364,41.58790170132326,9.75688998954663,4.5120000000000005,2.0814698644366145,0.23970000000000002,57.938261555306504,58.1779615553065,99.6906773124211,2.31753046221226,67.41609747907924,1.0938838511050686,94.22110552763652,36.04314397233002,13.306230296762205,True,
48000.0,5,30,30.49397993866986,52.81712257876227,204.95848730044858,57.97101449275364,41.58790170132326,9.964483393579536,4.6080000000000005,2.125756457296968,0.24480000000000002,58.28614155219976,58.53094155219976,99.68880641590731,2.33144566208799,67.46062611868157,1.087187903487958,94.22110552763652,35.69016397543677,12.404017165579656,True,
49000.0,5,30,30.49397993866986,52.81712257876227,204.95848730044858,57.97101449275364,41.58790170132326,10.172076797612444,4.704,2.1700430501573216,0.2499,58.634021549093035,58.88392154909303,99.68693558961449,2.345360861963721,67.50515475828391,1.0805714109781275,94.22110552763652,35.33718397854349,11.538629060159664,True,
50000.0,5,30,30.49397993866986,52.81712257876227,204.95848730044858,57.97101449275364,41.58790170132326,10.37967020164535,4.8,2.214329643017675,0.255,58.98190154598629,59.23690154598629,99.68506483353868,2.3592760618394517,67.54968339788624,1.0740329676777476,94.22110552763652,34.98420398165023,10.70785647895647,True,
51000.0,5,30,30.49397993866986,52.81712257876227,204.95848730044858,57.97101449275364,41.58790170132326,10.587263605678258,4.896,2.258616235878028,0.2601,59.32978154287955,59.58988154287955,99.68319414767595,2.3731912617151822,67.59421203748857,1.0675712006628981,94.22110552763652,34.63122398475697,9.909663214663208,True,
52000.0,5,30,30.49397993866986,52.81712257876227,204.95848730044858,57.97101449275364,41.58790170132326,10.794857009711166,4.992,2.302902828738382,0.2652,59.67766153977281,59.94286153977281,99.68132353202232,2.387106461590912,67.63874067709092,1.0611847690224938,94.22110552763652,34.27824398786372,9.142169691304296,True,
53000.0,5,30,30.49397993866986,52.81712257876227,204.95848730044858,57.97101449275364,41.58790170132326,11.002450413744072,5.088,2.3471894215987352,0.27030000000000004,60.02554153666607,60.29584153666607,99.67945298657386,2.401021661466643,67.68326931669326,1.0548723629306256,94.22110552763652,33.92526399097046,8.403638187694787,True,
54000.0,5,30,30.49397993866986,52.81712257876227,204.95848730044858,57.97101449275364,41.58790170132326,11.21004381777698,5.184,2.391476014459089,0.27540000000000003,60.37342153355932,60.64882153355932,99.6775825113266,2.4149368613423725,67.7277979562956,1.048632702750977,94.22110552763652,33.5722839940772,7.692459702737471,True,
55000.0,5,30,30.49397993866986,52.81712257876227,204.95848730044858,57.97101449275364,41.58790170132326,11.417637221809885,5.28,2.4357626073194423,0.2805,60.721301530452585,61.00180153045259,99.6757121062766,2.4288520612181035,67.77232659589794,1.0424645381720217,94.22110552763652,33.219303997183935,7.007142253596794,True,
56000.0,5,30,30.49397993866986,52.81712257876227,204.95848730044858,57.97101449275364,41.58790170132326,11.625230625842793,5.376,2.480049200179796,0.2856,61.06918152734585,61.35478152734585,99.67384177141992,2.4427672610938336,67.81685523550026,1.0363666473717843,94.22110552763652,32.866324000290675,6.346300427639707,True,
57000.0,5,30,30.49397993866986,52.81712257876227,204.95848730044858,57.97101449275364,41.58790170132326,11.8328240298757,5.472,2.5243357930401493,0.2907,61.41706152423912,61.70776152423912,99.67197150675257,2.4566824609695646,67.8613838751026,1.0303378362109823,94.22110552763652,32.51334400339741,5.708646034172345,True,
58000.0,5,30,30.49397993866986,52.81712257876227,204.95848730044858,57.97101449275364,41.58790170132326,12.040417433908607,5.5680000000000005,2.568622385900503,0.2958,61.76494152113237,62.06074152113237,99.67010131227063,2.4705976608452946,67.90591251470494,1.0243769374534384,94.22110552763652,32.16036400650415,5.092979723238339,True,
59000.0,5,30,30.49397993866986,52.81712257876227,204.95848730044858,57.97101449275364,41.58790170132326,12.248010837941514,5.664,2.6129089787608564,0.3009,62.11282151802563,62.41372151802563,99.66823118797012,2.484512860721025,67.95044115430728,1.0184828100126877,94.22110552763652,31.807384009610892,4.498183456742774,True,
60000.0,5,30,30.49397993866986,52.81712257876227,204.95848730044858,57.97101449275364,41.58790170132326,12.45560424197442,5.76,2.6571955716212097,0.306,62.46070151491889,62.766701514918886,99.66636113384712,2.4984280605967553,67.99496979390962,1.0126543382237645,94.22110552763652,31.45440401271764,3.923213732463724,True,
61000.0,5,30,30.49397993866986,52.81712257876227,204.95848730044858,57.97101449275364,41.58790170132326,12.663197646007328,5.856,2.7014821644815634,0.31110000000000004,62.80858151181215,63.11968151181215,99.66449114989769,2.5123432604724862,68.03949843351197,1.0068904311391864,94.22110552763652,31.10142401582437,3.367095474554487,True,
62000.0,5,30,30.49397993866986,52.81712257876227,204.95848730044858,57.97101449275364,41.58790170132326,12.870791050040236,5.952,2.7457687573419167,0.31620000000000004,63.15646150870541,63.472661508705414,99.66262123611784,2.5262584603482163,68.0840270731143,1.0011900218482075,94.22110552763652,30.74844401893111,2.828916515287479,True,
63000.0,5,30,30.49397993866986,52.81712257876227,204.95848730044858,57.97101449275364,41.58790170132326,13.078384454073142,6.048,2.7900553502022705,0.32130000000000003,63.50434150559868,63.82564150559868,99.66075139250366,2.5401736602239473,68.12855571271663,0.9955520668184468,94.22110552763652,30.395464022037842,2.307822602346407,True,
64000.0,5,30,30.49397993866986,52.81712257876227,204.95848730044858,57.97101449275364,41.58790170132326,13.28597785810605,6.144,2.8343419430626238,0.3264,63.852221502491936,64.17862150249194,99.65888161905116,2.5540888600996774,68.17308435231897,0.9899755452590364,94.22110552763652,30.04248402514459,1.8030128741847407,True,
65000.0,5,30,30.49397993866986,52.81712257876227,204.95848730044858,57.97101449275364,41.58790170132326,13.493571262138955,6.24,2.8786285359229775,0.3315,64.2001014993852,64.5316014993852,99.65701191575643,2.5680040599754075,68.2176129919213,0.984459458504477,94.22110552763652,29.68950402825132,1.313735753043441,True,
66000.0,5,30,30.49397993866986,52.81712257876227,204.95848730044858,57.97101449275364,41.58790170132326,13.701164666171863,6.336,2.922915128783331,0.3366,64.54798149627845,64.88458149627846,99.6551422826155,2.581919259851138,68.26214163152365,0.9790028294184165,94.22110552763652,29.336524031358067,0.8392852113306605,True,
67000.0,5,30,30.49397993866986,52.81712257876227,204.95848730044858,57.97101449275364,41.58790170132326,13.90875807020477,6.432,2.9672017216436846,0.3417,64.89586149317172,65.23756149317173,99.6532727196244,2.5958344597268685,68.30667027112598,0.9736047018166056,94.22110552763652,28.9835440344648,0.3789973723555764,True,
