target_A,L_nH,Ron,Roff,step,status,pass,peak_V,Ioff1_A,Ion2_A,Ioff2_A,name,error
15,1,0.5,0.5,500p,ok,True,85.08966703556531,15.02375305083894,14.763438020436634,18.45051065998021,I15_L1_on0.5_off0.5_500p_search,
15,1,0.5,0.5,250p,ok,True,88.39484522247008,15.023799482199427,14.764592276650982,18.451315398645022,I15_L1_on0.5_off0.5_250p_verification,
15,1,0.5,0.5,125p,ok,True,88.47411155633255,15.023839558867827,14.764539176785394,18.451261242654414,I15_L1_on0.5_off0.5_125p_additional_check,
15,1,1.0,0.5,500p,ok,True,88.43404580038138,15.015658829564801,14.756478338356048,18.434147415141748,I15_L1_on1_off0.5_500p_neighbour,
15,1,0.5,1.0,500p,ok,True,88.23483261582528,15.02372112928134,14.769110272298827,18.455649020223436,I15_L1_on0.5_off1_500p_neighbour,
30,1,0.5,0.5,500p,ok,True,88.19660861535779,30.021740890193747,29.724388632573923,33.374848518903555,I30_L1_on0.5_off0.5_500p_search,
30,1,0.5,0.5,250p,ok,True,88.19638506598825,30.021786885034828,29.72446292071497,33.37492293837432,I30_L1_on0.5_off0.5_250p_verification,
30,1,0.5,0.5,125p,ok,True,88.21098710691813,30.021826609777126,29.72448958830902,33.374949288419856,I30_L1_on0.5_off0.5_125p_additional_check,
30,1,1.0,0.5,500p,ok,True,86.35203405862046,30.01371756689033,29.71667486206273,33.35781352297586,I30_L1_on1_off0.5_500p_neighbour,
30,1,0.5,1.0,500p,ok,True,88.47711202565705,30.021711566186486,29.729342032769573,33.379790054183324,I30_L1_on0.5_off1_500p_neighbour,
45,1,0.5,0.5,500p,ok,True,91.79778380424354,45.015577476109534,44.69277648553043,48.30028849345993,I45_L1_on0.5_off0.5_500p_search,
45,1,0.5,0.5,250p,ok,True,91.80141192396744,45.01562295163115,44.6928233269063,48.300334825731824,I45_L1_on0.5_off0.5_250p_verification,
45,1,0.5,0.5,125p,ok,True,91.80041698383529,45.015662253408536,44.69286071847677,48.30037883344242,I45_L1_on0.5_off0.5_125p_additional_check,
45,1,1.0,0.5,500p,ok,True,91.80683405551558,45.00763922505159,44.68483577740718,48.28274023582081,I45_L1_on1_off0.5_500p_neighbour,
45,1,0.5,1.0,500p,ok,True,90.64023596024832,45.01554843590379,44.69794557171393,48.30544219151333,I45_L1_on0.5_off1_500p_neighbour,
15,3,0.5,0.5,500p,ok,True,89.56033418644536,15.023930782652364,14.765275666207614,18.455164319258746,I15_L3_on0.5_off0.5_500p_search,
15,3,0.5,0.5,250p,ok,True,89.55348976561352,15.024008065887234,14.765523449654257,18.45539564859637,I15_L3_on0.5_off0.5_250p_verification,
15,3,0.5,0.5,125p,ok,True,89.66194794079743,15.02404651730238,14.765447617029693,18.455039666593006,I15_L3_on0.5_off0.5_125p_additional_check,
15,3,1.0,0.5,500p,ok,True,89.56206159034161,15.015849819567046,14.757411625209215,18.438300921265245,I15_L3_on1_off0.5_500p_neighbour,
15,3,0.5,1.0,500p,ok,True,89.32102667599491,15.023930950117691,14.770138144191971,18.459997861726208,I15_L3_on0.5_off1_500p_neighbour,
30,3,0.5,0.5,500p,ok,True,95.07615628424588,30.021905899660087,29.726186790968036,33.37980535424438,I30_L3_on0.5_off0.5_500p_search,
30,3,0.5,0.5,250p,ok,True,95.30710164465434,30.021982613925395,29.726001570443312,33.37964095289198,I30_L3_on0.5_off0.5_250p_verification,
30,3,0.5,0.5,125p,ok,True,97.0847969746494,30.022020656983916,29.726042494926137,33.37962628464111,I30_L3_on0.5_off0.5_125p_additional_check,
30,3,1.0,0.5,500p,ok,True,93.10182410101127,30.013895747230944,29.71819026104906,33.36257299077537,I30_L3_on1_off0.5_500p_neighbour,
30,3,0.5,1.0,500p,ok,True,96.45400502468276,30.021906068852047,29.730999757293063,33.384584906566374,I30_L3_on0.5_off1_500p_neighbour,
45,3,0.5,0.5,500p,ok,False,109.23870625347698,45.0157068282406,44.69505133885828,48.305358785667906,I45_L3_on0.5_off0.5_500p_search,
45,3,0.5,1.0,500p,ok,False,107.66146068603109,45.01570699937782,44.700244241994305,48.31051312453027,I45_L3_on0.5_off1_500p_search,
45,3,1.0,0.5,500p,ok,False,108.59911414149559,45.00778163943677,44.68713699648325,48.28819361027483,I45_L3_on1_off0.5_500p_search,
45,3,0.5,1.5,500p,ok,False,102.33494822036957,45.01570738968019,44.705597897052165,48.315839838392705,I45_L3_on0.5_off1.5_500p_search,
45,3,1.0,1.0,500p,ok,False,105.49803847863735,45.0077818976068,44.69232965181289,48.293400153515016,I45_L3_on1_off1_500p_search,
45,3,1.5,0.5,500p,ok,False,107.37578313531371,44.99995665205546,44.679322903651844,48.2709228525741,I45_L3_on1.5_off0.5_500p_search,
45,3,0.5,2.0,500p,ok,True,96.20909508243918,45.01570696045896,44.71102625083019,48.32131374953485,I45_L3_on0.5_off2_500p_search,
45,3,0.5,2.0,250p,ok,True,96.20933844440907,45.01579131567729,44.71111378509291,48.32137132565745,I45_L3_on0.5_off2_250p_verification,
45,3,0.5,2.0,125p,ok,True,96.21830683901379,45.015846245406955,44.71119735583958,48.32179541479656,I45_L3_on0.5_off2_125p_additional_check,
45,3,1.0,2.0,500p,ok,True,96.19306982505154,45.00778153538697,44.70311317937488,48.304048827587046,I45_L3_on1_off2_500p_neighbour,
45,3,0.5,2.5,500p,ok,True,98.62541040960056,45.015707843386515,44.716537387310254,48.32679936573454,I45_L3_on0.5_off2.5_500p_neighbour,
15,5,0.5,0.5,500p,ok,True,98.18891040146207,15.023720150693483,14.766159153432126,18.45751771223739,I15_L5_on0.5_off0.5_500p_search,
15,5,0.5,0.5,250p,ok,False,126.17822553775605,15.023822038665616,14.765954879771614,18.457290256356096,I15_L5_on0.5_off0.5_250p_verification,
15,5,0.5,1.0,500p,ok,False,122.132057055612,15.023720097521817,14.770960495974695,18.462320313842472,I15_L5_on0.5_off1_500p_search,
15,5,1.0,0.5,500p,ok,False,127.02257808539504,15.015713114562649,14.758109973566775,18.440600047445113,I15_L5_on1_off0.5_500p_search,
15,5,0.5,1.5,500p,ok,False,113.13017626239224,15.023860248876336,14.775851128771235,18.467224927499082,I15_L5_on0.5_off1.5_500p_search,
15,5,1.0,1.0,500p,ok,True,96.60247973175188,15.015712326202708,14.762784047698833,18.445321332116325,I15_L5_on1_off1_500p_search,
15,5,1.0,1.0,250p,ok,False,104.71570572760855,15.015850381962116,14.762942068897736,18.445401177332926,I15_L5_on1_off1_250p_verification,
15,5,1.5,0.5,500p,ok,True,98.03929944554892,15.007786029269646,14.750281522329622,18.423444483543207,I15_L5_on1.5_off0.5_500p_search,
15,5,1.5,0.5,250p,ok,False,125.30105274299797,15.007852047758313,14.750038846566758,18.423257099527195,I15_L5_on1.5_off0.5_250p_verification,
15,5,0.5,2.0,500p,ok,False,105.98596939350355,15.023868199061674,14.781146413703892,18.472480915860455,I15_L5_on0.5_off2_500p_search,
15,5,1.0,1.5,500p,ok,True,92.29501646682485,15.015713389779517,14.767685870711672,18.450201119847083,I15_L5_on1_off1.5_500p_search,
15,5,1.0,1.5,250p,ok,False,112.41877771582212,15.015795772688469,14.767931547950045,18.45037405925077,I15_L5_on1_off1.5_250p_verification,
15,5,1.5,1.0,500p,ok,False,116.57138268942481,15.007786171415995,14.754862799767643,18.428012581543655,I15_L5_on1.5_off1_500p_search,
15,5,2.0,0.5,500p,ok,False,120.30280545403244,14.999935524795983,14.742273365875825,18.40603429971818,I15_L5_on2_off0.5_500p_search,
15,5,0.5,2.5,500p,ok,False,101.9135819427472,15.023869722177144,14.786064768224403,18.47738687814375,I15_L5_on0.5_off2.5_500p_search,
15,5,1.0,2.0,500p,ok,False,104.81493690323076,15.015712599350861,14.772768214392167,18.45528030533882,I15_L5_on1_off2_500p_search,
15,5,1.5,1.5,500p,ok,False,108.40143493846563,15.00778575653943,14.759791011131366,18.432934040964376,I15_L5_on1.5_off1.5_500p_search,
15,5,2.0,1.0,500p,ok,False,113.80552214248524,15.00000511244589,14.747097703956937,18.41082145862085,I15_L5_on2_off1_500p_search,
15,5,2.5,0.5,500p,ok,False,118.0353599689209,14.992144778332463,14.734664667844296,18.38901719872946,I15_L5_on2.5_off0.5_500p_search,
15,5,0.5,3.0,500p,ok,False,100.683158771894,15.02371996340507,14.791217914923044,18.48252690252664,I15_L5_on0.5_off3_500p_search,
15,5,1.0,2.5,500p,ok,False,103.32933620298986,15.015713990417018,14.778056385966558,18.460570643215135,I15_L5_on1_off2.5_500p_search,
15,5,1.5,2.0,500p,ok,False,104.2675556773594,15.00787816605512,14.765043267801223,18.438259995508503,I15_L5_on1.5_off2_500p_search,
15,5,2.0,1.5,500p,ok,False,106.29405606260727,14.999936309436858,14.751972562431215,18.41567253533903,I15_L5_on2_off1.5_500p_search,
15,5,2.5,1.0,500p,ok,False,109.78166130377153,14.992144549029664,14.739451728271844,18.393772310561488,I15_L5_on2.5_off1_500p_search,
15,5,3.0,0.5,500p,ok,False,113.98220080097256,14.984397196586198,14.726763856996776,18.37179016143425,I15_L5_on3_off0.5_500p_search,
15,5,0.5,3.5,500p,ok,False,102.7887009804071,15.023720108778155,14.796621732103551,18.487905214791663,I15_L5_on0.5_off3.5_500p_search,
15,5,1.0,3.0,500p,ok,False,101.82533759257554,15.015713127896591,14.783261849976434,18.46575153432978,I15_L5_on1_off3_500p_search,
15,5,1.5,2.5,500p,ok,False,100.71398323343188,15.007785678549125,14.770144062581213,18.443354760654575,I15_L5_on1.5_off2.5_500p_search,
15,5,2.0,2.0,500p,ok,False,102.42047019714155,14.999955098106536,14.75725171377107,18.42098471576692,I15_L5_on2_off2_500p_search,
15,5,2.5,1.5,500p,ok,False,103.2675335645354,14.992143645728683,14.744227028021044,18.398521060949605,I15_L5_on2.5_off1.5_500p_search,
15,5,3.0,1.0,500p,ok,True,92.45767291732984,14.984397978543404,14.73152696052356,18.37658931097935,I15_L5_on3_off1_500p_search,
15,5,3.0,1.0,250p,ok,False,106.4413713988575,14.984405027911642,14.731747113487497,18.376746563188377,I15_L5_on3_off1_250p_verification,
15,5,3.5,0.5,500p,ok,True,91.56620995770768,14.976683568283127,14.719219118499826,18.35489104421675,I15_L5_on3.5_off0.5_500p_search,
15,5,3.5,0.5,250p,ok,False,103.8622513299456,14.976686323734668,14.718824708621506,18.356606114550868,I15_L5_on3.5_off0.5_250p_verification,
15,5,0.5,4.0,500p,ok,False,104.97775378017276,15.023719722497585,14.802129364735054,18.493377030118925,I15_L5_on0.5_off4_500p_search,
15,5,1.0,3.5,500p,ok,False,102.43708426221713,15.015712500708103,14.788647311591644,18.471067910495464,I15_L5_on1_off3.5_500p_search,
15,5,1.5,3.0,500p,ok,False,101.26774548552028,15.007786107678761,14.775530937278733,18.44876912742302,I15_L5_on1.5_off3_500p_search,
15,5,2.0,2.5,500p,ok,False,100.61665698679953,14.999937018818702,14.762324341152448,18.426065567306367,I15_L5_on2_off2.5_500p_search,
15,5,2.5,2.0,500p,ok,False,100.42538012249751,14.992144486207305,14.749245873816035,18.40348249803331,I15_L5_on2.5_off2_500p_search,
15,5,3.0,1.5,500p,ok,False,101.17326309757301,14.984397815818548,14.73665054570312,18.38160734699731,I15_L5_on3_off1.5_500p_search,
15,5,3.5,1.0,500p,ok,False,101.672202449175,14.976683043834864,14.723836585296596,18.35951041075482,I15_L5_on3.5_off1_500p_search,
15,5,4.0,0.5,500p,ok,True,89.0011850196148,14.969000022453654,14.711492012576107,18.337864000623934,I15_L5_on4_off0.5_500p_search,
15,5,4.0,0.5,250p,ok,False,104.61374860421988,14.968996954250652,14.711446510676398,18.337755387577428,I15_L5_on4_off0.5_250p_verification,
15,5,0.5,4.5,500p,ok,False,109.57098385470593,15.02371996064791,14.807664948427547,18.498908040478877,I15_L5_on0.5_off4.5_500p_search,
15,5,1.0,4.0,500p,ok,False,104.70737016615593,15.015713924267255,14.794152598947695,18.476540529848066,I15_L5_on1_off4_500p_search,
15,5,1.5,3.5,500p,ok,False,102.44305405503891,15.007785986473223,14.78086959016206,18.4540640114752,I15_L5_on1.5_off3.5_500p_search,
15,5,2.0,3.0,500p,ok,False,100.97320848100286,14.999937772647662,14.767649959173339,18.431412186123364,I15_L5_on2_off3_500p_search,
15,5,2.5,2.5,500p,ok,True,99.73379728419613,14.992145238509632,14.75456970840125,18.408819138555643,I15_L5_on2.5_off2.5_500p_search,
15,5,2.5,2.5,250p,ok,True,99.7339874314827,14.992167013472928,14.754530073101996,18.40868405708226,I15_L5_on2.5_off2.5_250p_verification,
15,5,2.5,2.5,125p,ok,False,100.13897830794406,14.992218118093785,14.754493394588925,18.40890601320471,I15_L5_on2.5_off2.5_125p_additional_check,
15,5,3.0,2.0,500p,ok,True,97.891426141543,14.984397795690366,14.741563660791387,18.38641246050349,I15_L5_on3_off2_500p_search,
15,5,3.0,2.0,250p,ok,True,99.10196198710554,14.984405241500141,14.741620599244005,18.38662448692995,I15_L5_on3_off2_250p_verification,
15,5,3.0,2.0,125p,ok,False,101.13840800762053,14.984469397532543,14.741700218301068,18.38379510483552,I15_L5_on3_off2_125p_additional_check,
15,5,3.5,1.5,500p,ok,True,99.17331832769963,14.976683516334377,14.728953661020029,18.364607630141997,I15_L5_on3.5_off1.5_500p_search,
15,5,3.5,1.5,250p,ok,False,113.14738203754388,14.976682339798288,14.728874997940107,18.366060241601062,I15_L5_on3.5_off1.5_250p_verification,
15,5,4.0,1.0,500p,ok,True,99.65757579968555,14.969001879893845,14.716360212489484,18.34275081956226,I15_L5_on4_off1_500p_search,
15,5,4.0,1.0,250p,ok,True,99.50747892685517,14.968995983995743,14.716014157282354,18.342371659352757,I15_L5_on4_off1_250p_verification,
15,5,4.0,1.0,125p,ok,True,99.5129966580623,14.969065430047868,14.716190876384262,18.342373508841273,I15_L5_on4_off1_125p_additional_check,
15,5,4.5,1.0,500p,ok,True,97.12193350600101,14.961344614046471,14.708590953393005,18.32579970033548,I15_L5_on4.5_off1_500p_neighbour,
15,5,4.0,1.5,500p,ok,True,97.26332914954747,14.969035856432834,14.721156969268238,18.3475633993519,I15_L5_on4_off1.5_500p_neighbour,
30,5,0.5,0.5,500p,ok,False,120.46582823099041,30.0216922403821,29.72737227966745,33.38177921476846,I30_L5_on0.5_off0.5_500p_search,
30,5,0.5,1.0,500p,ok,False,122.45538384531875,30.021692141876162,29.732338039441082,33.386636702412865,I30_L5_on0.5_off1_500p_search,
30,5,1.0,0.5,500p,ok,False,121.00853357800835,30.01375505493493,29.71933071771586,33.36462768549215,I30_L5_on1_off0.5_500p_search,
30,5,0.5,1.5,500p,ok,False,118.78527565131995,30.021831033685505,29.73774529066013,33.39193039743083,I30_L5_on0.5_off1.5_500p_search,
30,5,1.0,1.0,500p,ok,False,122.30630811268084,30.013754245417577,29.724414932319252,33.36963786504033,I30_L5_on1_off1_500p_search,
30,5,1.5,0.5,500p,ok,False,119.96861750774053,30.00589463487693,29.711571140431253,33.34813489981183,I30_L5_on1.5_off0.5_500p_search,
30,5,0.5,2.0,500p,ok,False,110.04082453823938,30.02183880421981,29.74314986358718,33.39730651045956,I30_L5_on0.5_off2_500p_search,
30,5,1.0,1.5,500p,ok,True,91.64233154606262,30.01375539316632,29.72978578916689,33.37214485299808,I30_L5_on1_off1.5_500p_search,
30,5,1.0,1.5,250p,ok,False,118.71239120134183,30.013810807012085,29.729721129462433,33.3749871429005,I30_L5_on1_off1.5_250p_verification,
30,5,1.5,1.0,500p,ok,False,121.1029028439056,30.005894756251866,29.716538657135295,33.35312539126815,I30_L5_on1.5_off1_500p_search,
30,5,2.0,0.5,500p,ok,False,120.72163101566025,29.998108571038205,29.70374012102153,33.33152079293978,I30_L5_on2_off0.5_500p_search,
30,5,0.5,2.5,500p,ok,False,102.42384009286775,30.021840411357374,29.74866171634661,33.402859405774294,I30_L5_on0.5_off2.5_500p_search,
30,5,1.0,2.0,500p,ok,False,111.29446136360446,30.013754801518154,29.7350735172354,33.38005507653038,I30_L5_on1_off2_500p_search,
30,5,1.5,1.5,500p,ok,False,114.55522675238142,30.005894533494608,29.721825954114497,33.35839971374376,I30_L5_on1.5_off1.5_500p_search,
30,5,2.0,1.0,500p,ok,False,119.1788845502184,29.998177620598387,29.708841630122937,33.336630587561395,I30_L5_on2_off1_500p_search,
30,5,2.5,0.5,500p,ok,False,118.45286379606075,29.990381632140878,29.696000694196083,33.31489900033484,I30_L5_on2.5_off0.5_500p_search,
30,5,0.5,3.0,500p,ok,False,105.56550881298466,30.02169199942605,29.754092015721874,33.4083801004162,I30_L5_on0.5_off3_500p_search,
30,5,1.0,2.5,500p,ok,False,102.85827149597887,30.01375594850624,29.740578636828815,33.3854768025432,I30_L5_on1_off2.5_500p_search,
30,5,1.5,2.0,500p,ok,True,92.26866441982698,30.005986001109648,29.727318289145373,33.36033022299759,I30_L5_on1.5_off2_500p_search,
30,5,1.5,2.0,250p,ok,False,107.0076296335387,30.005960100674375,29.72729939604691,33.3638757984403,I30_L5_on1.5_off2_250p_verification,
30,5,2.0,1.5,500p,ok,True,90.99751474095412,29.998109345109103,29.71404046068417,33.33822056193408,I30_L5_on2_off1.5_500p_search,
30,5,2.0,1.5,250p,ok,False,113.36194595169232,29.998144663728457,29.714072900096383,33.341794673115835,I30_L5_on2_off1.5_250p_verification,
30,5,2.5,1.0,500p,ok,False,115.22720890195696,29.990381534250556,29.70107312954159,33.31992011225769,I30_L5_on2.5_off1_500p_search,
30,5,3.0,0.5,500p,ok,False,117.84130943103722,29.982698027020728,29.688321354597885,33.29815222442556,I30_L5_on3_off0.5_500p_search,
30,5,0.5,3.5,500p,ok,False,110.61721940175049,30.021692122116427,29.759714487210108,33.41405461236542,I30_L5_on0.5_off3.5_500p_search,
30,5,1.0,3.0,500p,ok,False,103.85112492895789,30.013755178965624,29.74616385653016,33.39106261224121,I30_L5_on1_off3_500p_search,
30,5,1.5,2.5,500p,ok,False,101.70772336898996,30.005894259003224,29.73273724883703,33.3691146134827,I30_L5_on1.5_off2.5_500p_search,
30,5,2.0,2.0,500p,ok,False,103.62869694929005,29.99812481273549,29.71946897662038,33.347277649966465,I30_L5_on2_off2_500p_search,
30,5,2.5,1.5,500p,ok,False,108.99693135853283,29.990380546284772,29.7063339935612,33.32516481049321,I30_L5_on2.5_off1.5_500p_search,
30,5,3.0,1.0,500p,ok,False,113.49884944121058,29.982698706522523,29.69351102131213,33.303290631874724,I30_L5_on3_off1_500p_search,
30,5,3.5,0.5,500p,ok,False,112.96255016609413,29.97504965922992,29.680858324161445,33.28125079505582,I30_L5_on3.5_off0.5_500p_search,
30,5,0.5,4.0,500p,ok,False,114.8005162318,30.021691900894794,29.765326672506124,33.41961404045445,I30_L5_on0.5_off4_500p_search,
30,5,1.0,3.5,500p,ok,False,109.39403752610822,30.013754759873564,29.751756633806753,33.39679754148026,I30_L5_on1_off3.5_500p_search,
30,5,1.5,3.0,500p,ok,False,104.80302703279389,30.00589489317549,29.738310510782,33.37459139351792,I30_L5_on1.5_off3_500p_search,
30,5,2.0,2.5,500p,ok,True,92.41025610231252,29.998110019646013,29.72496083673267,33.349100202266776,I30_L5_on2_off2.5_500p_search,
30,5,2.0,2.5,250p,ok,False,102.35465774284089,29.998145933984368,29.72500043622935,33.35279754601699,I30_L5_on2_off2.5_250p_verification,
30,5,2.5,2.0,500p,ok,False,100.33280966050852,29.990381498229063,29.711734750656365,33.330559692271564,I30_L5_on2.5_off2_500p_search,
30,5,3.0,1.5,500p,ok,False,105.5817466674719,29.982698528453877,29.698663040154454,33.308395126129525,I30_L5_on3_off1.5_500p_search,
30,5,3.5,1.0,500p,ok,False,107.38113352426213,29.975049020866745,29.685743594132934,33.28615655350532,I30_L5_on3.5_off1_500p_search,
30,5,4.0,0.5,500p,ok,False,109.984096833486,29.967432128944644,29.673092559616794,33.26376244730246,I30_L5_on4_off0.5_500p_search,
30,5,0.5,4.5,500p,ok,False,118.90859065246079,30.021691937024215,29.770969659743567,33.425154349277655,I30_L5_on0.5_off4.5_500p_search,
30,5,1.0,4.0,500p,ok,False,114.13743118932568,30.01375579562937,29.75738783457407,33.402546568248844,I30_L5_on1_off4_500p_search,
30,5,1.5,3.5,500p,ok,False,109.7688659181117,30.005894635009447,29.743904041960487,33.38019840877156,I30_L5_on1.5_off3.5_500p_search,
30,5,2.0,3.0,500p,ok,True,91.66986624780145,29.998110732823232,29.730532904988515,33.35461543648474,I30_L5_on2_off3_500p_search,
30,5,2.0,3.0,250p,ok,False,106.6178721875037,29.998149349398584,29.730568684223268,33.35834472474406,I30_L5_on2_off3_250p_verification,
30,5,2.5,2.5,500p,ok,False,103.30637208204172,29.99038226042608,29.71723808240825,33.336058480192044,I30_L5_on2.5_off2.5_500p_search,
30,5,3.0,2.0,500p,ok,False,100.73034358170428,29.982698677310243,29.70406066187507,33.31374870697425,I30_L5_on3_off2_500p_search,
30,5,3.5,1.5,500p,ok,False,102.16570059792767,29.97504959978557,29.6910391879791,33.29148671683084,I30_L5_on3.5_off1.5_500p_search,
30,5,4.0,1.0,500p,ok,False,103.87776611255373,29.967433941058747,29.678142645535313,33.26887384406013,I30_L5_on4_off1_500p_search,
30,5,4.5,0.5,500p,ok,False,105.71994357950454,29.95988041697855,29.66555605756775,33.24652025894334,I30_L5_on4.5_off0.5_500p_search,
30,5,0.5,5.0,500p,ok,False,121.75884788876537,30.021692136391593,29.77661651933955,33.43061915813241,I30_L5_on0.5_off5_500p_search,
30,5,1.0,4.5,500p,ok,False,118.26413850942984,30.01375477660009,29.763036960244115,33.40820456527206,I30_L5_on1_off4.5_500p_search,
30,5,1.5,4.0,500p,ok,True,90.21200300414353,30.00589678744737,29.74955284136724,33.3824921496957,I30_L5_on1.5_off4_500p_search,
30,5,1.5,4.0,250p,ok,False,113.88666557530419,30.005940605087154,29.749586697014692,33.385761542208684,I30_L5_on1.5_off4_250p_verification,
30,5,2.0,3.5,500p,ok,True,90.5843281064238,29.99812469907533,29.736155379262996,33.360180996900006,I30_L5_on2_off3.5_500p_search,
30,5,2.0,3.5,250p,ok,False,109.425083527067,29.998149053738864,29.736191531112464,33.36388405196319,I30_L5_on2_off3.5_250p_verification,
30,5,2.5,3.0,500p,ok,False,107.38625557164832,29.990445640080107,29.72287072210411,33.34167241619934,I30_L5_on2.5_off3_500p_search,
30,5,3.0,2.5,500p,ok,False,103.9332680353184,29.98269906138746,29.70956908181995,33.31921602245663,I30_L5_on3_off2.5_500p_search,
30,5,3.5,2.0,500p,ok,False,100.6823322699768,29.975060186674845,29.69643789803231,33.29683981894853,I30_L5_on3.5_off2_500p_search,
30,5,4.0,1.5,500p,ok,True,99.69836548496122,29.96746768258983,29.683449699766317,33.274243300289186,I30_L5_on4_off1.5_500p_search,
30,5,4.0,1.5,250p,ok,True,99.67633112163216,29.96745733500583,29.683448528834337,33.27404838609843,I30_L5_on4_off1.5_250p_verification,
30,5,4.0,1.5,125p,ok,False,100.13124922744053,29.96745022866733,29.6834400455918,33.274102177884245,I30_L5_on4_off1.5_125p_additional_check,
30,5,4.5,1.0,500p,ok,True,99.95032327371948,29.959843434060918,29.670580365232645,33.25146077120585,I30_L5_on4.5_off1_500p_search,
30,5,4.5,1.0,250p,ok,False,100.36973323962732,29.959862745685303,29.670604316700125,33.25167510706913,I30_L5_on4.5_off1_250p_verification,
30,5,5.0,0.5,500p,ok,False,101.61280478990054,29.95228394261566,29.657970936147688,33.22951563734073,I30_L5_on5_off0.5_500p_search,
30,5,0.5,5.5,500p,ok,False,121.3707605281961,30.021693831974247,29.782274408146804,33.43615188100212,I30_L5_on0.5_off5.5_500p_search,
30,5,1.0,5.0,500p,ok,False,121.40420352129648,30.01375543366329,29.768684907783367,33.41373813437121,I30_L5_on1_off5_500p_search,
30,5,1.5,4.5,500p,ok,False,118.66352476987971,30.005894598910487,29.755186386594907,33.39172282116931,I30_L5_on1.5_off4.5_500p_search,
30,5,2.0,4.0,500p,ok,False,114.6599854382427,29.998108345398666,29.741755992273163,33.36937419129684,I30_L5_on2_off4_500p_search,
30,5,2.5,3.5,500p,ok,False,111.15162484536741,29.99038152257818,29.728410928695524,33.34719612505396,I30_L5_on2.5_off3.5_500p_search,
30,5,3.0,3.0,500p,ok,False,107.99387038402877,29.98269873242819,29.71514651717718,33.32478262485314,I30_L5_on3_off3_500p_search,
30,5,3.5,2.5,500p,ok,False,104.34193095006437,29.975052338387755,29.70193251953084,33.30224699097463,I30_L5_on3.5_off2.5_500p_search,
30,5,4.0,2.0,500p,ok,False,101.18143241168266,29.967432521854125,29.688819752390085,33.279665385404975,I30_L5_on4_off2_500p_search,
30,5,4.5,1.5,500p,ok,True,99.27837730442818,29.9600463821553,29.676163710739146,33.25706871708041,I30_L5_on4.5_off1.5_500p_search,
30,5,4.5,1.5,250p,ok,True,99.33217456131125,29.959866864711998,29.676076579256474,33.25697359789555,I30_L5_on4.5_off1.5_250p_verification,
30,5,4.5,1.5,125p,ok,True,99.63368667499196,29.95987919410807,29.675857834428665,33.25696287002418,I30_L5_on4.5_off1.5_125p_additional_check,
30,5,5.0,1.5,500p,ok,True,99.21590131204029,29.95228406338842,29.668305305888772,33.239514393967475,I30_L5_on5_off1.5_500p_neighbour,
30,5,4.5,2.0,500p,ok,False,101.82288347182383,29.959843524677055,29.6812366603457,33.26226807396495,I30_L5_on4.5_off2_500p_neighbour,
45,5,0.5,0.5,500p,ok,False,135.32048593714435,45.01545773879617,44.69647098794179,48.30068495346316,I45_L5_on0.5_off0.5_500p_search,
45,5,0.5,1.0,500p,ok,False,149.24809339430863,45.01545763995094,44.70165922231253,48.306766736671605,I45_L5_on0.5_off1_500p_search,
45,5,1.0,0.5,500p,ok,False,129.56174250411505,45.00760473898533,44.68862871282784,48.28328022019121,I45_L5_on1_off0.5_500p_search,
45,5,0.5,1.5,500p,ok,False,159.41452221253758,45.015594974416494,44.707124150906246,48.3138823019682,I45_L5_on0.5_off1.5_500p_search,
45,5,1.0,1.0,500p,ok,False,138.3137449017263,45.00760393461129,44.69381503893134,48.28774388450689,I45_L5_on1_off1_500p_search,
45,5,1.5,0.5,500p,ok,False,148.17947791866476,44.9998276455395,44.68086218194392,48.27067351449142,I45_L5_on1.5_off0.5_500p_search,
45,5,0.5,2.0,500p,ok,False,154.03657358123942,45.01560267929358,44.71255242668109,48.32111514245271,I45_L5_on0.5_off2_500p_search,
45,5,1.0,1.5,500p,ok,False,151.5078277448769,45.00760476239964,44.69914447196043,48.29356406456919,I45_L5_on1_off1.5_500p_search,
45,5,1.5,1.0,500p,ok,False,148.33032802605737,44.99982779483778,44.686051359329255,48.27304403257594,I45_L5_on1.5_off1_500p_search,
45,5,2.0,0.5,500p,ok,False,156.7920108202781,44.99212418001097,44.67316916932924,48.256579376304536,I45_L5_on2_off0.5_500p_search,
45,5,0.5,2.5,500p,ok,False,128.33030653798727,45.01560425928315,44.7180559851374,48.32774793641107,I45_L5_on0.5_off2.5_500p_search,
45,5,1.0,2.0,500p,ok,False,160.1110328578669,45.00760444971636,44.704564109406576,48.300475422640446,I45_L5_on1_off2_500p_search,
45,5,1.5,1.5,500p,ok,False,152.23891110127525,44.99982755842071,44.69137740308329,48.27683188958222,I45_L5_on1.5_off1.5_500p_search,
45,5,2.0,1.0,500p,ok,False,157.93086360550706,44.99219245741484,44.67842600878655,48.26120141125466,I45_L5_on2_off1_500p_search,
45,5,2.5,0.5,500p,ok,False,155.5846697367105,44.98447922711199,44.66553547103099,48.23920540469938,I45_L5_on2.5_off0.5_500p_search,
45,5,0.5,3.0,500p,ok,False,120.32319420272238,45.015457499737764,44.7234438370619,48.33201787269565,I45_L5_on0.5_off3_500p_search,
45,5,1.0,2.5,500p,ok,False,143.21165746118393,45.00760561749352,44.71006759560452,48.3084652629918,I45_L5_on1_off2.5_500p_search,
45,5,1.5,2.0,500p,ok,False,158.95391109681208,44.999918032226624,44.696886808694316,48.28239646011643,I45_L5_on1.5_off2_500p_search,
45,5,2.0,1.5,500p,ok,False,158.4669638418351,44.99212495025677,44.68368265955746,48.26377818522437,I45_L5_on2_off1.5_500p_search,
45,5,2.5,1.0,500p,ok,False,151.38383552593353,44.98447912554657,44.670723070663,48.24544883709268,I45_L5_on2.5_off1_500p_search,
45,5,3.0,0.5,500p,ok,False,150.81839405413587,44.97687714826777,44.65795631818153,48.22085864357862,I45_L5_on3_off0.5_500p_search,
45,5,0.5,3.5,500p,ok,False,120.89908711622446,45.015457621021156,44.72900780969492,48.33460119088734,I45_L5_on0.5_off3.5_500p_search,
45,5,1.0,3.0,500p,ok,False,120.30299669601405,45.007604854711246,44.715599421481876,48.316180586381165,I45_L5_on1_off3_500p_search,
45,5,1.5,2.5,500p,ok,False,152.97259658100782,44.99982730209485,44.70229680820714,48.289247212657195,I45_L5_on1.5_off2.5_500p_search,
45,5,2.0,2.0,500p,ok,False,158.79022215593753,44.99214132427076,44.689121152747845,48.26687848742819,I45_L5_on2_off2_500p_search,
45,5,2.5,1.5,500p,ok,False,142.2665607685527,44.984478154935644,44.676047800165314,48.25092842161839,I45_L5_on2.5_off1.5_500p_search,
45,5,3.0,1.0,500p,ok,False,154.04245378377274,44.9768783382187,44.663132163677425,48.228011539275286,I45_L5_on3_off1_500p_search,
45,5,3.5,0.5,500p,ok,False,148.54843932038423,44.96934576757394,44.65042314017136,48.203558758420904,I45_L5_on3.5_off0.5_500p_search,
45,5,0.5,4.0,500p,ok,False,121.51310345169037,45.01545738318741,44.73456289217334,48.33870708570577,I45_L5_on0.5_off4_500p_search,
45,5,1.0,3.5,500p,ok,False,120.87922198898075,45.00760424987722,44.721162558047524,48.32121303510536,I45_L5_on1_off3.5_500p_search,
45,5,1.5,3.0,500p,ok,False,120.28300425637659,44.99982792890604,44.70783078855702,48.29762785021943,I45_L5_on1.5_off3_500p_search,
45,5,2.0,2.5,500p,ok,False,153.67205908770808,44.99212562268606,44.69460538764315,48.27201082293639,I45_L5_on2_off2.5_500p_search,
45,5,2.5,2.0,500p,ok,False,144.68148863120422,44.98447909035174,44.68146759268906,48.25449457569883,I45_L5_on2.5_off2_500p_search,
45,5,3.0,1.5,500p,ok,False,125.67606751188714,44.97687763553611,44.66845694605482,48.23411967490684,I45_L5_on3_off1.5_500p_search,
45,5,3.5,1.0,500p,ok,False,155.4792225054478,44.9693092544604,44.655572850121914,48.210078363787794,I45_L5_on3.5_off1_500p_search,
45,5,4.0,0.5,500p,ok,False,152.1433269350044,44.96177313534492,44.642861457506484,48.18807792877043,I45_L5_on4_off0.5_500p_search,
45,5,0.5,4.5,500p,ok,False,122.16255083175645,45.015457433058934,44.74007264045926,48.34467294018831,I45_L5_on0.5_off4.5_500p_search,
45,5,1.0,4.0,500p,ok,False,121.49174653545636,45.007605483048856,44.72671815305682,48.32304021450885,I45_L5_on1_off4_500p_search,
45,5,1.5,3.5,500p,ok,False,120.85959368698049,44.9998274429427,44.71339358393903,48.305801138531045,I45_L5_on1.5_off3.5_500p_search,
45,5,2.0,3.0,500p,ok,False,127.7458941106994,44.99212632862542,44.70013763349384,48.278851662518306,I45_L5_on2_off3_500p_search,
45,5,2.5,2.5,500p,ok,False,143.8607067370633,44.98447985224816,44.68696683810204,48.25730109017867,I45_L5_on2.5_off2.5_500p_search,
45,5,3.0,2.0,500p,ok,False,119.20011334623038,44.97687778402567,44.67387626998597,48.23985489799535,I45_L5_on3_off2_500p_search,
45,5,3.5,1.5,500p,ok,False,137.89367500048715,44.96930982381837,44.66089987343681,48.21710019246027,I45_L5_on3.5_off1.5_500p_search,
45,5,4.0,1.0,500p,ok,False,154.59836375278644,44.961774940156324,44.6480491183035,48.193283202027374,I45_L5_on4_off1_500p_search,
45,5,4.5,0.5,500p,ok,False,149.05402465885675,44.95430151216959,44.63541131333034,48.172153046272136,I45_L5_on4.5_off0.5_500p_search,
45,5,0.5,5.0,500p,ok,False,137.30935882933576,45.01545762873864,44.74555219200197,48.35173927916622,I45_L5_on0.5_off5_500p_search,
45,5,1.0,4.5,500p,ok,False,122.14300269182012,45.007604475851686,44.7322274246163,48.32625080013352,I45_L5_on1_off4.5_500p_search,
45,5,1.5,4.0,500p,ok,False,127.5587999294171,44.99982978100371,44.71895010564719,48.31129250264103,I45_L5_on1.5_off4_500p_search,
45,5,2.0,3.5,500p,ok,False,120.84010757965174,44.992141211719776,44.70571531130391,48.28730729524744,I45_L5_on2_off3.5_500p_search,
45,5,2.5,3.0,500p,ok,False,128.82363664725887,44.98454254290132,44.692561688975616,48.261975281495474,I45_L5_on2.5_off3_500p_search,
45,5,3.0,2.5,500p,ok,False,119.67891321835413,44.97687815280213,44.679374266763475,48.2446402565338,I45_L5_on3_off2.5_500p_search,
45,5,3.5,2.0,500p,ok,False,119.18070384687697,44.96932119372998,44.66632812092441,48.2224846901922,I45_L5_on3.5_off2_500p_search,
45,5,4.0,1.5,500p,ok,False,146.34671381761441,44.96180828508792,44.653406915919014,48.19975044450998,I45_L5_on4_off1.5_500p_search,
45,5,4.5,1.0,500p,ok,False,149.25307756180814,44.954264944057236,44.64054900220279,48.177694855592925,I45_L5_on4.5_off1_500p_search,
45,5,5.0,0.5,500p,ok,False,121.36178461898984,44.94678562083718,44.62789447493111,48.152921452886204,I45_L5_on5_off0.5_500p_search,
45,5,0.5,5.5,500p,ok,False,154.02148852564588,45.01545930426911,44.751029269174126,48.359173976090275,I45_L5_on0.5_off5.5_500p_search,
45,5,1.0,5.0,500p,ok,False,122.80680209112751,45.00760512766888,44.73770749903005,48.331580027501,I45_L5_on1_off5_500p_search,
45,5,1.5,4.5,500p,ok,False,123.26383597955484,44.99982763563424,44.724458134792826,48.313041115376315,I45_L5_on1.5_off4.5_500p_search,
45,5,2.0,4.0,500p,ok,False,135.35956928493184,44.99212397073535,44.711251757843236,48.29525207615226,I45_L5_on2_off4_500p_search,
45,5,2.5,3.5,500p,ok,False,120.82075577310363,44.98447911616453,44.69806088356634,48.26868601335961,I45_L5_on2.5_off3.5_500p_search,
45,5,3.0,3.0,500p,ok,False,120.22400697213882,44.97687782061279,44.684905022225394,48.2476046329987,I45_L5_on3_off3_500p_search,
45,5,3.5,2.5,500p,ok,False,119.65873069918318,44.96931252513997,44.67181727755783,48.22802793771221,I45_L5_on3.5_off2.5_500p_search,
45,5,4.0,2.0,500p,ok,False,119.16076176622494,44.96177352415731,44.658789666899,48.20602321552931,I45_L5_on4_off2_500p_search,
45,5,4.5,1.5,500p,ok,False,143.85950694078812,44.95446651223824,44.64607486067744,48.18342060873857,I45_L5_on4.5_off1.5_500p_search,
45,5,5.0,1.0,500p,ok,False,122.22501884211374,44.94678558613294,44.63307985431858,48.160022740114435,I45_L5_on5_off1_500p_search,
45,5,5.5,0.5,500p,ok,False,118.5837652720337,44.93933119612436,44.62045089652685,48.13568430990602,I45_L5_on5.5_off0.5_500p_search,
45,5,0.5,6.0,500p,ok,False,154.72527298399896,45.015458629861214,44.756543982308976,48.36635445611543,I45_L5_on0.5_off6_500p_search,
45,5,1.0,5.5,500p,ok,False,140.26767359678894,45.00760433996075,44.74318158785617,48.33823666677933,I45_L5_on1_off5.5_500p_search,
45,5,1.5,5.0,500p,ok,False,122.78810072850547,44.999829195482086,44.72993886120361,48.31526783376405,I45_L5_on1.5_off5_500p_search,
45,5,2.0,4.5,500p,ok,False,147.49127782863,44.992210504491304,44.7168484154354,48.30094389229681,I45_L5_on2_off4.5_500p_search,
45,5,2.5,4.0,500p,ok,False,125.31389422618494,44.98447928836361,44.703615396867676,48.276915263572306,I45_L5_on2.5_off4_500p_search,
45,5,3.0,3.5,500p,ok,False,120.80156194079612,44.976878225406125,44.69046761780633,48.252012902757805,I45_L5_on3_off3.5_500p_search,
45,5,3.5,3.0,500p,ok,False,120.20457910162163,44.96932049220803,44.677355796967056,48.23394549973368,I45_L5_on3.5_off3_500p_search,
45,5,4.0,2.5,500p,ok,False,119.63874327136736,44.96177316844911,44.66428641221223,48.210601163929155,I45_L5_on4_off2.5_500p_search,
45,5,4.5,2.0,500p,ok,False,121.49990684619183,44.954265023778134,44.65129007446906,48.189165904582765,I45_L5_on4.5_off2_500p_search,
45,5,5.0,1.5,500p,ok,False,124.4405207613844,44.946785740194436,44.63840388397894,48.166941461043386,I45_L5_on5_off1.5_500p_search,
45,5,5.5,1.0,500p,ok,False,118.29042672303193,44.93933231909212,44.62563752667191,48.14105979786035,I45_L5_on5.5_off1_500p_search,
45,5,6.0,0.5,500p,ok,False,136.91226941082562,44.93189998308202,44.613029226517014,48.1204022532535,I45_L5_on6_off0.5_500p_search,
45,5,0.5,6.5,500p,ok,False,145.4376290812772,45.01545735405406,44.76208249054336,48.37104856749403,I45_L5_on0.5_off6.5_500p_search,
45,5,1.0,6.0,500p,ok,False,156.7040859098206,45.00760438752664,44.74869781897532,48.346459758255754,I45_L5_on1_off6_500p_search,
45,5,1.5,5.5,500p,ok,False,133.86263700655152,44.99982721992099,44.735411320289,48.32010988923556,I45_L5_on1.5_off5.5_500p_search,
45,5,2.0,5.0,500p,ok,False,145.03341690622685,44.992124654580195,44.72224186990187,48.30326725930932,I45_L5_on2_off5_500p_search,
45,5,2.5,4.5,500p,ok,False,150.8255233652689,44.98447930259931,44.70912490204923,48.284163560408466,I45_L5_on2.5_off4.5_500p_search,
45,5,3.0,4.0,500p,ok,False,121.41466229357987,44.97687704897541,44.696012553000166,48.25854337891026,I45_L5_on3_off4_500p_search,
45,5,3.5,3.5,500p,ok,False,120.78244381414424,44.96930924006364,44.682906241553866,48.237785323469005,I45_L5_on3.5_off3.5_500p_search,
45,5,4.0,3.0,500p,ok,False,137.29201011963193,44.96177320144836,44.66981674735134,48.21553532617919,I45_L5_on4_off3_500p_search,
45,5,4.5,2.5,500p,ok,False,119.6221933069342,44.95426561099325,44.65678843998737,48.194710710122,I45_L5_on4.5_off2.5_500p_search,
45,5,5.0,2.0,500p,ok,False,119.12011221879855,44.946785819304125,44.64382078637307,48.17273424847207,I45_L5_on5_off2_500p_search,
45,5,5.5,1.5,500p,ok,False,118.66342650397894,44.93936385170986,44.63099130734765,48.14835061189556,I45_L5_on5.5_off1.5_500p_search,
45,5,6.0,1.0,500p,ok,False,118.2705905956996,44.93190116375449,44.618215353011784,48.12463551877484,I45_L5_on6_off1_500p_search,
45,5,6.5,0.5,500p,ok,False,143.04135672466356,44.92448813355155,44.60562763232941,48.10433538711421,I45_L5_on6.5_off0.5_500p_search,
45,5,0.5,7.0,500p,ok,False,144.47702655659248,45.015457264452884,44.76763814309423,48.373451548043164,I45_L5_on0.5_off7_500p_search,
45,5,1.0,6.5,500p,ok,False,142.93873229262323,45.00760419045729,44.75423262500489,48.35480387555286,I45_L5_on1_off6.5_500p_search,
45,5,1.5,6.0,500p,ok,False,151.91517257601367,44.999835680706234,44.740935477215565,48.326911619608104,I45_L5_on1.5_off6_500p_search,
45,5,2.0,5.5,500p,ok,False,143.04563900847617,44.99212475039732,44.727715462983696,48.30495056350862,I45_L5_on2_off5.5_500p_search,
45,5,2.5,5.0,500p,ok,False,154.87104905055153,44.984482443604904,44.71459985452604,48.28972399464533,I45_L5_on2.5_off5_500p_search,
45,5,3.0,4.5,500p,ok,False,142.72743375461516,44.976878185218254,44.70153771725621,48.26624364576975,I45_L5_on3_off4.5_500p_search,
45,5,3.5,4.0,500p,ok,False,121.39688961706402,44.96930929923542,44.6884597833017,48.242071462200556,I45_L5_on3.5_off4_500p_search,
45,5,4.0,3.5,500p,ok,False,136.0472194552641,44.961778355679186,44.67537943431132,48.2223909980219,I45_L5_on4_off3.5_500p_search,
45,5,4.5,3.0,500p,ok,False,137.00620618613888,44.95429611636694,44.662347399040094,48.198597151937435,I45_L5_on4.5_off3_500p_search,
45,5,5.0,2.5,500p,ok,False,119.60026498631612,44.94678578104788,44.649316188086196,48.178207961230136,I45_L5_on5_off2.5_500p_search,
45,5,5.5,2.0,500p,ok,False,119.102345417162,44.939331002346506,44.636374415256675,48.155627719439785,I45_L5_on5.5_off2_500p_search,
45,5,6.0,1.5,500p,ok,False,118.74523910036926,44.93189974357117,44.62353765750324,48.13017308957554,I45_L5_on6_off1.5_500p_search,
45,5,6.5,1.0,500p,ok,False,124.16465573837968,44.924488446401405,44.610812485738315,48.109540625770165,I45_L5_on6.5_off1_500p_search,
45,5,7.0,0.5,500p,ok,False,139.9732247835974,44.91710409571847,44.598255086249935,48.087679274251606,I45_L5_on7_off0.5_500p_search,
45,5,0.5,7.5,500p,ok,False,137.45691316720416,45.015456967125814,44.77317349948501,48.37714503576425,I45_L5_on0.5_off7.5_500p_search,
45,5,1.0,7.0,500p,ok,False,124.84372582610644,45.00760427494973,44.75977957929434,48.36052943541406,I45_L5_on1_off7_500p_search,
45,5,1.5,6.5,500p,ok,False,151.8292669914315,44.999827335170146,44.74646351396811,48.33557219656547,I45_L5_on1.5_off6.5_500p_search,
45,5,2.0,6.0,500p,ok,False,150.45146989892498,44.99212394452464,44.733230310654314,48.30955844704095,I45_L5_on2_off6_500p_search,
45,5,2.5,5.5,500p,ok,False,155.12233111861272,44.984479475441674,44.72007710257357,48.29326729735872,I45_L5_on2.5_off5.5_500p_search,
45,5,3.0,5.0,500p,ok,False,153.3891171034119,44.97687829094616,44.707006842172255,48.272642261368816,I45_L5_on3_off5_500p_search,
45,5,3.5,4.5,500p,ok,False,135.63814762048435,44.96930986778254,44.693970076326245,48.248232102655074,I45_L5_on3.5_off4.5_500p_search,
45,5,4.0,4.0,500p,ok,False,132.2117954739488,44.96177298315442,44.68092723724037,48.227569030890514,I45_L5_on4_off4_500p_search,
45,5,4.5,3.5,500p,ok,False,149.93331626809942,44.95426518086714,44.667877349749865,48.20310147439993,I45_L5_on4.5_off3.5_500p_search,
45,5,5.0,3.0,500p,ok,False,123.32002347317982,44.946785647001924,44.65484505279023,48.18310723419923,I45_L5_on5_off3_500p_search,
45,5,5.5,2.5,500p,ok,False,119.58120597611368,44.939331071975936,44.64187309531309,48.16164796104177,I45_L5_on5.5_off2.5_500p_search,
45,5,6.0,2.0,500p,ok,False,123.52606700251157,44.93190095744552,44.62895445626101,48.13696383746556,I45_L5_on6_off2_500p_search,
45,5,6.5,1.5,500p,ok,False,118.62387131765333,44.924488233158485,44.616135825650815,48.114173317953636,I45_L5_on6.5_off1.5_500p_search,
45,5,7.0,1.0,500p,ok,False,131.33540368000675,44.91710384060765,44.603438202388496,48.09345851418411,I45_L5_on7_off1_500p_search,
45,5,7.5,0.5,500p,ok,False,131.2722439910092,44.90974321889438,44.59090331744642,48.07051355989818,I45_L5_on7.5_off0.5_500p_search,
45,5,0.5,8.0,500p,ok,False,125.07676045750456,45.0154584838609,44.778688607363755,48.38260861559215,I45_L5_on0.5_off8_500p_search,
45,5,1.0,7.5,500p,ok,False,126.88165229869027,45.00760610231598,44.765327586359234,48.362793743271105,I45_L5_on1_off7.5_500p_search,
45,5,1.5,7.0,500p,ok,False,124.82724232458575,44.99982744090388,44.75201789047157,48.34433942414075,I45_L5_on1.5_off7_500p_search,
45,5,2.0,6.5,500p,ok,False,155.67192778852834,44.99212397288136,44.73876559907072,48.31645825629062,I45_L5_on2_off6.5_500p_search,
45,5,2.5,6.0,500p,ok,False,154.8300871213706,44.98447923991684,44.72559207653865,48.295183774027485,I45_L5_on2.5_off6_500p_search,
45,5,3.0,5.5,500p,ok,False,141.12428462259922,44.976911839329986,44.712515958286765,48.27808615981064,I45_L5_on3_off5.5_500p_search,
45,5,3.5,5.0,500p,ok,False,152.72852070044044,44.96934458314781,44.69947614408362,48.25532992516284,I45_L5_on3.5_off5_500p_search,
45,5,4.0,4.5,500p,ok,False,137.4623008672216,44.96177348080021,44.686440793393324,48.23197863748505,I45_L5_on4_off4.5_500p_search,
45,5,4.5,4.0,500p,ok,False,150.2257095680914,44.95426556755783,44.67343078384782,48.21029952174825,I45_L5_on4.5_off4_500p_search,
45,5,5.0,3.5,500p,ok,False,147.22002793233025,44.94678578781319,44.66040551659406,48.18680163509912,I45_L5_on5_off3.5_500p_search,
45,5,5.5,3.0,500p,ok,False,120.12743492579389,44.939368620103295,44.64743560830635,48.16680237180015,I45_L5_on5.5_off3_500p_search,
45,5,6.0,2.5,500p,ok,False,122.14801419889518,44.93190018581234,44.63444916975735,48.14405937766833,I45_L5_on6_off2.5_500p_search,
45,5,6.5,2.0,500p,ok,False,132.1502386717402,44.92448802495481,44.62155046052616,48.119569403497806,I45_L5_on6.5_off2_500p_search,
45,5,7.0,1.5,500p,ok,False,118.60395299281251,44.917104999495336,44.60876189920441,48.09917710591249,I45_L5_on7_off1.5_500p_search,
45,5,7.5,1.0,500p,ok,False,127.44835956390772,44.90974319581992,44.596087032615365,48.07685211145303,I45_L5_on7.5_off1_500p_search,
45,5,8.0,0.5,500p,ok,False,124.36808328059654,44.90240413844342,44.583574850346096,48.0533575183653,I45_L5_on8_off0.5_500p_search,
45,5,0.5,8.5,500p,ok,False,124.97068656322867,45.01545729374478,44.78417499468395,48.388900422618974,I45_L5_on0.5_off8.5_500p_search,
45,5,1.0,8.0,500p,ok,False,129.27694083406413,45.00760451035572,44.77084015647369,48.365423357852876,I45_L5_on1_off8_500p_search,
45,5,1.5,7.5,500p,ok,False,125.02104889625818,44.999827726569315,44.75755510816571,48.350614280387795,I45_L5_on1.5_off7.5_500p_search,
45,5,2.0,7.0,500p,ok,False,132.37384171963072,44.99212518666074,44.744321036222956,48.32522599259324,I45_L5_on2_off7_500p_search,
45,5,2.5,6.5,500p,ok,False,155.21861251264167,44.9844795862724,44.73112682598338,48.29956824702602,I45_L5_on2.5_off6.5_500p_search,
45,5,3.0,6.0,500p,ok,False,145.34595455242345,44.97687787221524,44.71799547417202,48.28304941167132,I45_L5_on3_off6_500p_search,
45,5,3.5,5.5,500p,ok,False,137.80533748633752,44.969309609151445,44.704920004991756,48.260806321745356,I45_L5_on3.5_off5.5_500p_search,
45,5,4.0,5.0,500p,ok,False,149.2521058469947,44.961772889835075,44.691911361276844,48.23773980401042,I45_L5_on4_off5_500p_search,
45,5,4.5,4.5,500p,ok,False,148.44743662110702,44.95426512672976,44.6789398415994,48.21679548180137,I45_L5_on4.5_off4.5_500p_search,
45,5,5.0,4.0,500p,ok,False,145.40246458251826,44.94678674747967,44.66595922073063,48.19111043238247,I45_L5_on5_off4_500p_search,
45,5,5.5,3.5,500p,ok,False,137.41193152637828,44.93933232005531,44.65295947521645,48.17151507174856,I45_L5_on5.5_off3.5_500p_search,
45,5,6.0,3.0,500p,ok,False,124.65525199079966,44.931899871170685,44.639974860779425,48.15002287082058,I45_L5_on6_off3_500p_search,
45,5,6.5,2.5,500p,ok,False,137.40353693560203,44.9244886212348,44.62704747250634,48.125809757233704,I45_L5_on6.5_off2.5_500p_search,
45,5,7.0,2.0,500p,ok,False,119.83974345936181,44.917103793881445,44.61417414551783,48.10391679967117,I45_L5_on7_off2_500p_search,
45,5,7.5,1.5,500p,ok,False,118.58465629556227,44.90974333893937,44.60140947717032,48.083189108103426,I45_L5_on7.5_off1.5_500p_search,
45,5,8.0,1.0,500p,ok,False,119.71840199735334,44.90240449330668,44.58876180956572,48.05988172549999,I45_L5_on8_off1_500p_search,
45,5,8.5,0.5,500p,ok,False,130.45591190684294,44.89508441266761,44.57626491885108,48.03706306385107,I45_L5_on8.5_off0.5_500p_search,
45,5,0.5,9.0,500p,ok,False,124.7267270085422,45.0154573697616,44.789667527070115,48.395469385877654,I45_L5_on0.5_off9_500p_search,
45,5,1.0,8.5,500p,ok,False,124.95485492726992,45.00760486489035,44.77632733137642,48.369929576329184,I45_L5_on1_off8.5_500p_search,
45,5,1.5,8.0,500p,ok,False,125.04503615001666,44.99982796870961,44.76306853800815,48.35403449589466,I45_L5_on1.5_off8_500p_search,
45,5,2.0,7.5,500p,ok,False,125.004093473865,44.9921245559172,44.74985654816243,48.33359306126883,I45_L5_on2_off7.5_500p_search,
45,5,2.5,7.0,500p,ok,False,143.0787633157234,44.984479539338366,44.73668010695633,48.30641072666823,I45_L5_on2.5_off7_500p_search,
45,5,3.0,6.5,500p,ok,False,148.55344826401162,44.97667044139295,44.72332292776941,48.285502207448545,I45_L5_on3_off6.5_500p_search,
45,5,3.5,6.0,500p,ok,False,123.93667434760142,44.969309558756656,44.71043333305232,48.2658433593359,I45_L5_on3.5_off6_500p_search,
45,5,4.0,5.5,500p,ok,False,149.71515416401465,44.961775322537946,44.697393346610205,48.24416677747773,I45_L5_on4_off5.5_500p_search,
45,5,4.5,5.0,500p,ok,False,150.29510958333825,44.95426527325836,44.684410741303736,48.22160346666822,I45_L5_on4.5_off5_500p_search,
45,5,5.0,4.5,500p,ok,False,145.19724849518335,44.94678663165981,44.67146875428974,48.198166829691026,I45_L5_on5_off4.5_500p_search,
45,5,5.5,4.0,500p,ok,False,148.8176113190689,44.93933214578074,44.658512091238755,48.1752752167152,I45_L5_on5.5_off4_500p_search,
45,5,6.0,3.5,500p,ok,False,133.6259754233168,44.931901166344964,44.64553597698211,48.155228546515076,I45_L5_on6_off3.5_500p_search,
45,5,6.5,3.0,500p,ok,False,137.26025627594333,44.92448819408091,44.632570966936285,48.13227119023758,I45_L5_on6.5_off3_500p_search,
45,5,7.0,2.5,500p,ok,False,139.341142721111,44.91710416454584,44.619666064866685,48.108881301543526,I45_L5_on7_off2.5_500p_search,
45,5,7.5,2.0,500p,ok,False,119.02211568389427,44.90974431055732,44.60682379974545,48.088929044944315,I45_L5_on7.5_off2_500p_search,
45,5,8.0,1.5,500p,ok,False,118.56493452283001,44.90240341799114,44.59407986901928,48.06671109887738,I45_L5_on8_off1.5_500p_search,
45,5,8.5,1.0,500p,ok,False,118.17313437279282,44.895084351986505,44.581447707492806,48.043050509638036,I45_L5_on8.5_off1_500p_search,
45,5,9.0,0.5,500p,ok,False,141.20857767959924,44.887794502436975,44.568984968655634,48.02080205028198,I45_L5_on9_off0.5_500p_search,
45,5,0.5,9.5,500p,ok,False,138.6521191967435,45.01545877614404,44.795160487252446,48.40219511332268,I45_L5_on0.5_off9.5_500p_search,
45,5,1.0,9.0,500p,ok,False,124.71067814975878,45.00760481462255,44.781819431814085,48.37538801517129,I45_L5_on1_off9_500p_search,
45,5,1.5,8.5,500p,ok,False,124.93789846833049,44.99982702710522,44.76855429509636,48.355964206684604,I45_L5_on1.5_off8.5_500p_search,
45,5,2.0,8.0,500p,ok,False,127.8130402769702,44.99214068100941,44.75538615292751,48.33990322453817,I45_L5_on2_off8_500p_search,
45,5,2.5,7.5,500p,ok,False,124.98780427566318,44.98447918677382,44.742215507487316,48.314632386726274,I45_L5_on2.5_off7.5_500p_search,
45,5,3.0,7.0,500p,ok,False,141.88900332291226,44.97687824605367,44.72908501783057,48.28995490740477,I45_L5_on3_off7_500p_search,
45,5,3.5,6.5,500p,ok,False,124.41594119317772,44.96930976528223,44.71596756381275,48.27230527776465,I45_L5_on3.5_off6.5_500p_search,
45,5,4.0,6.0,500p,ok,False,123.91436387880808,44.96180972582246,44.702939480341584,48.24889618376359,I45_L5_on4_off6_500p_search,
45,5,4.5,5.5,500p,ok,False,151.71938028078927,44.95426544928207,44.6898893511975,48.22703581593888,I45_L5_on4.5_off5.5_500p_search,
45,5,5.0,5.0,500p,ok,False,149.26424062806973,44.94678591134428,44.67693842727932,48.20545981666422,I45_L5_on5_off5_500p_search,
45,5,5.5,4.5,500p,ok,False,128.5496239390857,44.93933220053356,44.664021626165585,48.179612001254625,I45_L5_on5.5_off4.5_500p_search,
45,5,6.0,4.0,500p,ok,False,145.96237224933142,44.93190063193856,44.65108799293784,48.16008941881435,I45_L5_on6_off4_500p_search,
45,5,6.5,3.5,500p,ok,False,138.35987016729948,44.924488271686855,44.638130283486305,48.1383908240934,I45_L5_on6.5_off3.5_500p_search,
45,5,7.0,3.0,500p,ok,False,143.65035640898125,44.91712456953729,44.62521504936352,48.11452533435463,I45_L5_on7_off3_500p_search,
45,5,7.5,2.5,500p,ok,False,126.58705109713098,44.90974326783015,44.61230296549864,48.093539042536,I45_L5_on7.5_off2.5_500p_search,
45,5,8.0,2.0,500p,ok,False,119.00316105766468,44.90240401926243,44.59949300678249,48.07294724272826,I45_L5_on8_off2_500p_search,
45,5,8.5,1.5,500p,ok,False,118.54566697797141,44.89508644029531,44.58677127773966,48.05000471814216,I45_L5_on8.5_off1.5_500p_search,
45,5,9.0,1.0,500p,ok,False,128.41137990060787,44.88778518086784,44.57415874960668,48.02686337972263,I45_L5_on9_off1_500p_search,
45,5,9.5,0.5,500p,ok,False,138.81788982614594,44.88049878770335,44.561698381529126,48.003392405021486,I45_L5_on9.5_off0.5_500p_search,
45,5,0.5,10.0,500p,ok,False,149.18795597919126,45.015457350492404,44.80066447946125,48.40886919288973,I45_L5_on0.5_off10_500p_search,
45,5,1.0,9.5,500p,ok,False,124.35823184997352,45.00760447636373,44.78731091915392,48.3813700789246,I45_L5_on1_off9.5_500p_search,
45,5,1.5,9.0,500p,ok,False,124.69266884527315,44.999827466557626,44.77404751438721,48.35927068042126,I45_L5_on1.5_off9_500p_search,
45,5,2.0,8.5,500p,ok,False,134.17527993765614,44.992123870285155,44.76085578335898,48.34476587743829,I45_L5_on2_off8.5_500p_search,
45,5,2.5,8.0,500p,ok,False,125.01382910131164,44.98447941629491,44.74772108496736,48.32236918971784,I45_L5_on2.5_off8_500p_search,
45,5,3.0,7.5,500p,ok,False,124.97134204361907,44.97687781652581,44.73461968784077,48.29636988752452,I45_L5_on3_off7.5_500p_search,
45,5,3.5,7.0,500p,ok,False,124.76059117056047,44.96932075914397,44.721521887876904,48.27628131829217,I45_L5_on3.5_off7_500p_search,
45,5,4.0,6.5,500p,ok,False,124.39911847462305,44.96177332822139,44.70843732034036,48.253430012737795,I45_L5_on4_off6.5_500p_search,
45,5,4.5,6.0,500p,ok,False,132.8086470635779,44.95427171743987,44.695400909085436,48.23288859394366,I45_L5_on4.5_off6_500p_search,
45,5,5.0,5.5,500p,ok,False,148.63802232553707,44.946785774602496,44.6824164317174,48.210874032727,I45_L5_on5_off5.5_500p_search,
45,5,5.5,5.0,500p,ok,False,125.05295321470139,44.93933108659088,44.66949071093579,48.186303728505756,I45_L5_on5.5_off5_500p_search,
45,5,6.0,4.5,500p,ok,False,141.4148112150528,44.93189983678451,44.65659648454431,48.16404567583257,I45_L5_on6_off4.5_500p_search,
45,5,6.5,4.0,500p,ok,False,143.56839044921102,44.92448851789723,44.643682903300835,48.143854758987054,I45_L5_on6.5_off4_500p_search,
45,5,7.0,3.5,500p,ok,False,144.42052728663808,44.917104537224354,44.63075415139725,48.12068796193219,I45_L5_on7_off3.5_500p_search,
45,5,7.5,3.0,500p,ok,False,141.9768878715642,44.90974323030915,44.617841567698726,48.09796936889535,I45_L5_on7.5_off3_500p_search,
45,5,8.0,2.5,500p,ok,False,119.49134872444736,44.90240610799619,44.60497452534273,48.07836320986402,I45_L5_on8_off2.5_500p_search,
45,5,8.5,2.0,500p,ok,False,118.98404828335394,44.89508384951325,44.59218233468461,48.0566090725508,I45_L5_on8.5_off2_500p_search,
45,5,9.0,1.5,500p,ok,False,118.52623566534096,44.88778322799349,44.57947713181634,48.03345231020292,I45_L5_on9_off1.5_500p_search,
45,5,9.5,1.0,500p,ok,False,140.47143421987315,44.88049871556791,44.56688122598116,48.00981583312383,I45_L5_on9.5_off1_500p_search,
45,5,10.0,0.5,500p,ok,False,135.32519089165638,44.87322991790745,44.55444028312436,47.98660091881642,I45_L5_on10_off0.5_500p_search,
45,5,0.5,10.5,500p,ok,False,147.5427481323072,45.0154574591461,44.80619024704179,48.415446133666464,I45_L5_on0.5_off10.5_500p_search,
45,5,1.0,10.0,500p,ok,False,135.9442501164979,45.00767589257543,44.792885611541614,48.387910272703394,I45_L5_on1_off10_500p_search,
45,5,1.5,9.5,500p,ok,False,124.34357114737465,44.99982809509713,44.779538618533735,48.36400829786763,I45_L5_on1.5_off9.5_500p_search,
45,5,2.0,9.0,500p,ok,False,133.1043473119373,44.99217044954893,44.76639327323176,48.34772709153926,I45_L5_on2_off9_500p_search,
45,5,2.5,8.5,500p,ok,False,143.29612146305254,44.98447948608911,44.75321587143417,48.32837827162577,I45_L5_on2.5_off8.5_500p_search,
45,5,3.0,8.0,500p,ok,False,124.99839338381221,44.976877671649945,44.74013234241094,48.30370023155726,I45_L5_on3_off8_500p_search,
45,5,3.5,7.5,500p,ok,False,124.95501111642223,44.96931025949476,44.72705694832745,48.280433236072696,I45_L5_on3.5_off7.5_500p_search,
45,5,4.0,7.0,500p,ok,False,124.74398725429933,44.96177472684097,44.713980592571396,48.260702284763425,I45_L5_on4_off7_500p_search,
45,5,4.5,6.5,500p,ok,False,124.3822964854155,44.954266121647315,44.700934684415685,48.2370519261171,I45_L5_on4.5_off6.5_500p_search,
45,5,5.0,6.0,500p,ok,False,139.04382446258202,44.94678576707377,44.6879275481981,48.21616341691969,I45_L5_on5_off6_500p_search,
45,5,5.5,5.5,500p,ok,False,131.82572867842745,44.93933261706045,44.6749697784512,48.193817925964424,I45_L5_on5.5_off5.5_500p_search,
45,5,6.0,5.0,500p,ok,False,122.62350802016765,44.931900243676274,44.66206660447127,48.1684843651585,I45_L5_on6_off5_500p_search,
45,5,6.5,4.5,500p,ok,False,147.6888434414156,44.92448820231059,44.649185100085994,48.14895843219988,I45_L5_on6.5_off4.5_500p_search,
45,5,7.0,4.0,500p,ok,False,145.26795404738508,44.91710434379717,44.63630624531516,48.12695772708471,I45_L5_on7_off4_500p_search,
45,5,7.5,3.5,500p,ok,False,143.85697309339645,44.90974441501706,44.623401606361945,48.103322333451345,I45_L5_on7.5_off3.5_500p_search,
45,5,8.0,3.0,500p,ok,False,129.809270716561,44.90240507555402,44.61051122731791,48.08295189544214,I45_L5_on8_off3_500p_search,
45,5,8.5,2.5,500p,ok,False,119.46751306730967,44.89508387828925,44.59767501795826,48.062334563475176,I45_L5_on8.5_off2.5_500p_search,
45,5,9.0,2.0,500p,ok,False,118.96496669068239,44.88778471218813,44.58489101119987,48.04012147887105,I45_L5_on9_off2_500p_search,
45,5,9.5,1.5,500p,ok,False,125.16804929741032,44.8805002478599,44.57220344867237,48.01712146907442,I45_L5_on9.5_off1.5_500p_search,
45,5,10.0,1.0,500p,ok,False,139.28363465024668,44.873230211549505,44.55962242286402,47.992170444471135,I45_L5_on10_off1_500p_search,
45,5,10.5,0.5,500p,ok,False,132.5827598433234,44.865974243158696,44.54720618862866,47.96999406408036,I45_L5_on10.5_off0.5_500p_search,
45,5,0.5,11.0,500p,ok,False,136.15213293382666,45.01545762489075,44.81173338052068,48.4212011123632,I45_L5_on0.5_off11_500p_search,
45,5,1.0,10.5,500p,ok,False,148.0429630073786,45.00760485952181,44.79834070972437,48.394881892616034,I45_L5_on1_off10.5_500p_search,
45,5,1.5,10.0,500p,ok,False,129.11198120792878,44.9998274900973,44.78504089304319,48.36951813074787,I45_L5_on1.5_off10_500p_search,
45,5,2.0,9.5,500p,ok,False,132.7817443079378,44.992123814879086,44.77183821310607,48.35022674139658,I45_L5_on2_off9.5_500p_search,
45,5,2.5,9.0,500p,ok,False,149.18675839970433,44.984479260718565,44.758707645454585,48.33378392177257,I45_L5_on2.5_off9_500p_search,
45,5,3.0,8.5,500p,ok,False,134.32241936079524,44.976878080653535,44.74561687833175,48.310790855032046,I45_L5_on3_off8.5_500p_search,
45,5,3.5,8.0,500p,ok,False,124.98299729293286,44.969310038616534,44.73256984779599,48.286042704484316,I45_L5_on3.5_off8_500p_search,
45,5,4.0,7.5,500p,ok,False,124.93796909745606,44.961773012394374,44.719524657680054,48.266468857194056,I45_L5_on4_off7.5_500p_search,
45,5,4.5,7.0,500p,ok,False,136.4568753724185,44.954265608649116,44.70648424791957,48.24123760659291,I45_L5_on4.5_off7_500p_search,
45,5,5.0,6.5,500p,ok,False,124.36552348807287,44.94678569963492,44.69345950779999,48.221556614215395,I45_L5_on5_off6.5_500p_search,
45,5,5.5,6.0,500p,ok,False,130.675237799469,44.93933101860749,44.68047959134516,48.199770225173175,I45_L5_on5.5_off6_500p_search,
45,5,6.0,5.5,500p,ok,False,123.26605792112986,44.93189985735467,44.667543219234396,48.17481722084809,I45_L5_on6_off5.5_500p_search,
45,5,6.5,5.0,500p,ok,False,129.91783288003032,44.9244891646797,44.65466252960476,48.15310494291151,I45_L5_on6.5_off5_500p_search,
45,5,7.0,4.5,500p,ok,False,146.81065800660127,44.91712664985721,44.641837410863566,48.13275516256998,I45_L5_on7_off4.5_500p_search,
45,5,7.5,4.0,500p,ok,False,144.3684991186661,44.90974360849981,44.62895268304435,48.109523669046304,I45_L5_on7.5_off4_500p_search,
45,5,8.0,3.5,500p,ok,False,142.44956113212007,44.90240442136631,44.61606859479762,48.08716074646765,I45_L5_on8_off3.5_500p_search,
45,5,8.5,3.0,500p,ok,False,120.01304673917659,44.89508396252324,44.60319785097209,48.067243132471596,I45_L5_on8.5_off3_500p_search,
45,5,9.0,2.5,500p,ok,False,119.44874526658107,44.88778370933051,44.5903834374459,48.04608159669639,I45_L5_on9_off2.5_500p_search,
45,5,9.5,2.0,500p,ok,False,118.94566145136069,44.880499196910485,44.57761436685638,48.023696560815225,I45_L5_on9.5_off2_500p_search,
45,5,10.0,1.5,500p,ok,False,139.07777372875884,44.87324376597543,44.56495661577875,47.99940351891732,I45_L5_on10_off1.5_500p_search,
45,5,10.5,1.0,500p,ok,False,136.32180986582435,44.865974393874865,44.55237694699658,47.9754226365424,I45_L5_on10.5_off1_500p_search,
45,5,11.0,0.5,500p,ok,False,128.3915402068185,44.85873065593089,44.53996130976701,47.95302965071125,I45_L5_on11_off0.5_500p_search,
45,5,0.5,11.5,500p,ok,False,123.85099812098261,45.0155778304692,44.81741731581741,48.42624603267015,I45_L5_on0.5_off11.5_500p_search,
45,5,1.0,11.0,500p,ok,False,144.2512081424036,45.00760422230629,44.803883164741684,48.40224053936422,I45_L5_on1_off11_500p_search,
45,5,1.5,10.5,500p,ok,False,142.71503724596178,44.99982748020435,44.790566627799386,48.375689274898825,I45_L5_on1.5_off10.5_500p_search,
45,5,2.0,10.0,500p,ok,False,136.76489572002444,44.992124296837964,44.777341163694395,48.354010729682145,I45_L5_on2_off10_500p_search,
45,5,2.5,9.5,500p,ok,False,149.42243136970075,44.984479247677434,44.764197572953805,48.33865202406816,I45_L5_on2.5_off9.5_500p_search,
45,5,3.0,9.0,500p,ok,False,149.06186485972947,44.97687761440283,44.751110718780566,48.31667943758375,I45_L5_on3_off9_500p_search,
45,5,3.5,8.5,500p,ok,False,124.87790884924077,44.96930975961613,44.73805536569892,48.29257863463399,I45_L5_on3.5_off8.5_500p_search,
45,5,4.0,8.0,500p,ok,False,124.96765428936716,44.961772788999035,44.725037187677074,48.27082975548738,I45_L5_on4_off8_500p_search,
45,5,4.5,7.5,500p,ok,False,138.54233543684057,44.95426490206294,44.71202115276537,48.248258519933145,I45_L5_on4.5_off7.5_500p_search,
45,5,5.0,7.0,500p,ok,False,127.104448010873,44.94678591636555,44.69901154784752,48.22557371016977,I45_L5_on5_off7_500p_search,
45,5,5.5,6.5,500p,ok,False,124.34871293351338,44.93933114064456,44.68600973323032,48.20507266714614,I45_L5_on5.5_off6.5_500p_search,
45,5,6.0,6.0,500p,ok,False,123.84683682341434,44.93193192696279,44.67308580130532,48.18216458751561,I45_L5_on6_off6_500p_search,
45,5,6.5,5.5,500p,ok,False,123.2490324052722,44.924488304801095,44.66013799728217,48.15757075289364,I45_L5_on6.5_off5.5_500p_search,
45,5,7.0,5.0,500p,ok,False,142.95744299446196,44.917104119174724,44.64728432208058,48.13804424272537,I45_L5_on7_off5_500p_search,
45,5,7.5,4.5,500p,ok,False,144.9697217936564,44.909745691411544,44.63446371835061,48.11596106031048,I45_L5_on7.5_off4.5_500p_search,
45,5,8.0,4.0,500p,ok,False,141.06606525983184,44.902404350106295,44.62162047656212,48.09250645981619,I45_L5_on8_off4_500p_search,
45,5,8.5,3.5,500p,ok,False,131.55537673954328,44.89508537670615,44.60875714081408,48.071945206775034,I45_L5_on8.5_off3.5_500p_search,
45,5,9.0,3.0,500p,ok,False,119.99422602592936,44.88778344328572,44.59590506194306,48.05100261756885,I45_L5_on9_off3_500p_search,
45,5,9.5,2.5,500p,ok,False,119.43012410868063,44.880498899391505,44.58309938459565,48.02967225848554,I45_L5_on9.5_off2.5_500p_search,
45,5,10.0,2.0,500p,ok,False,123.55124035450989,44.873229790203496,44.570353750760056,48.006931391034485,I45_L5_on10_off2_500p_search,
45,5,10.5,1.5,500p,ok,False,139.61405673087907,44.865975983501485,44.55769809866202,47.981773424815735,I45_L5_on10.5_off1.5_500p_search,
45,5,11.0,1.0,500p,ok,False,133.40100745278193,44.8587309528254,44.54514317732706,47.95888803375916,I45_L5_on11_off1_500p_search,
45,5,11.5,0.5,500p,ok,False,120.38322381995707,44.85149722814331,44.53273813594542,47.93560684844907,I45_L5_on11.5_off0.5_500p_search,
45,5,0.5,12.0,500p,ok,False,121.47253065248736,45.01557231080742,44.82297868271998,48.43021830222614,I45_L5_on0.5_off12_500p_search,
45,5,1.0,11.5,500p,ok,False,125.06897415120237,45.00770425477278,44.80954604304471,48.409420243133816,I45_L5_on1_off11.5_500p_search,
45,5,1.5,11.0,500p,ok,False,147.81082700023913,44.9998287657679,44.79611010253019,48.38254120733677,I45_L5_on1.5_off11_500p_search,
45,5,2.0,10.5,500p,ok,False,143.17876775557193,44.992141005741956,44.78288300483481,48.35896185199487,I45_L5_on2_off10.5_500p_search,
45,5,2.5,10.0,500p,ok,False,148.67579882856566,44.9844779301756,44.769712763616084,48.34212341112825,I45_L5_on2.5_off10_500p_search,
45,5,3.0,9.5,500p,ok,False,146.2172167990582,44.97687786338301,44.75660011022104,48.3218208642033,I45_L5_on3_off9.5_500p_search,
45,5,3.5,9.0,500p,ok,False,142.44910027462967,44.969309760769725,44.7435470076894,48.29914322893133,I45_L5_on3.5_off9_500p_search,
45,5,4.0,8.5,500p,ok,False,124.86293062297824,44.961773314014536,44.73052164688942,48.27581041999731,I45_L5_on4_off8.5_500p_search,
45,5,4.5,8.0,500p,ok,False,135.201097844326,44.95426677208572,44.71753584992772,48.25541307454532,I45_L5_on4.5_off8_500p_search,
45,5,5.0,7.5,500p,ok,False,146.4681410559563,44.94678581192891,44.704547061770334,48.229549231566764,I45_L5_on5_off7.5_500p_search,
45,5,5.5,7.0,500p,ok,False,124.69498122534239,44.93933172106307,44.69156232053969,48.21028570366922,I45_L5_on5.5_off7_500p_search,
45,5,6.0,6.5,500p,ok,False,124.33228976894156,44.931900453210844,44.67858481645512,48.1884215880394,I45_L5_on6_off6.5_500p_search,
45,5,6.5,6.0,500p,ok,False,123.82869812487941,44.92448876239601,44.665648551616194,48.16363670865821,I45_L5_on6.5_off6_500p_search,
45,5,7.0,5.5,500p,ok,False,123.23193326756858,44.917103937524736,44.65275578759429,48.14241713976372,I45_L5_on7_off5.5_500p_search,
45,5,7.5,5.0,500p,ok,False,143.67483543215675,44.90974339242296,44.63993047019387,48.121863522361565,I45_L5_on7.5_off5_500p_search,
45,5,8.0,4.5,500p,ok,False,139.73134619914327,44.902404987423196,44.6271298356433,48.09878128680554,I45_L5_on8_off4.5_500p_search,
45,5,8.5,4.0,500p,ok,False,142.23423979357833,44.89508583115008,44.614309033608514,48.07659858145782,I45_L5_on8.5_off4_500p_search,
45,5,9.0,3.5,500p,ok,False,121.79651920547384,44.88778394216646,44.60146299718337,48.055548457043415,I45_L5_on9_off3.5_500p_search,
45,5,9.5,3.0,500p,ok,False,119.97543432048114,44.88049889356613,44.58862831301982,48.03471788579664,I45_L5_on9.5_off3_500p_search,
45,5,10.0,2.5,500p,ok,False,119.41142146118881,44.87322961288112,44.57583858748683,48.01313062219026,I45_L5_on10_off2.5_500p_search,
45,5,10.5,2.0,500p,ok,False,137.7881305428091,44.86597446912616,44.56310812783094,47.98865403121311,I45_L5_on10.5_off2_500p_search,
45,5,11.0,1.5,500p,ok,False,137.1409073646002,44.85873079845808,44.55046235129538,47.96524460044851,I45_L5_on11_off1.5_500p_search,
45,5,11.5,1.0,500p,ok,False,128.57843220609394,44.851497500213,44.53792034033601,47.94207300240739,I45_L5_on11.5_off1_500p_search,
45,5,12.0,0.5,500p,ok,False,117.73327613617961,44.844271061660805,44.525521421687955,47.91870796627271,I45_L5_on12_off0.5_500p_search,
45,5,1.0,12.0,500p,ok,False,121.45867619830715,45.00760448974915,44.815013142308715,48.41551682855168,I45_L5_on1_off12_500p_search,
45,5,1.5,11.5,500p,ok,False,136.21609915945058,44.9998285952815,44.80167302350879,48.39000638263433,I45_L5_on1.5_off11.5_500p_search,
45,5,2.0,11.0,500p,ok,False,147.26569309516708,44.992133711009245,44.78842390422571,48.36474626565018,I45_L5_on2_off11_500p_search,
45,5,2.5,10.5,500p,ok,False,148.0053730304688,44.9844794464819,44.77522469435345,48.34540587895152,I45_L5_on2.5_off10.5_500p_search,
45,5,3.0,10.0,500p,ok,False,139.31014245292405,44.97687794534761,44.7621024054816,48.327470577158444,I45_L5_on3_off10_500p_search,
45,5,3.5,9.5,500p,ok,False,148.36406124550103,44.96932074459122,44.74904670495789,48.30509409383272,I45_L5_on3.5_off9.5_500p_search,
45,5,4.0,9.0,500p,ok,False,137.07816197550434,44.961773027497756,44.73601433108308,48.281533573770055,I45_L5_on4_off9_500p_search,
45,5,4.5,8.5,500p,ok,False,135.3963172051659,44.95426543406381,44.723019646521195,48.26078931296051,I45_L5_on4.5_off8.5_500p_search,
45,5,5.0,8.0,500p,ok,False,147.95981437977008,44.94678603285071,44.71005950325325,48.23567150656447,I45_L5_on5_off8_500p_search,
45,5,5.5,7.5,500p,ok,False,137.0382621375943,44.93933209287338,44.697097944071245,48.21449498624641,I45_L5_on5.5_off7.5_500p_search,
45,5,6.0,7.0,500p,ok,False,124.67823525647519,44.931901013296425,44.68413698229491,48.19389355572046,I45_L5_on6_off7_500p_search,
45,5,6.5,6.5,500p,ok,False,124.31560068110451,44.92451284677122,44.671202893924885,48.17058306112658,I45_L5_on6.5_off6.5_500p_search,
45,5,7.0,6.0,500p,ok,False,123.81313307510402,44.917103920788634,44.65826899066898,48.146781736021104,I45_L5_on7_off6_500p_search,
45,5,7.5,5.5,500p,ok,False,135.02675212992284,44.909743626010446,44.64540644208661,48.12726984191189,I45_L5_on7.5_off5.5_500p_search,
45,5,8.0,5.0,500p,ok,False,139.6705094873611,44.90240518847328,44.632599759558076,48.10525400040518,I45_L5_on8_off5_500p_search,
45,5,8.5,4.5,500p,ok,False,137.78897622864744,44.89508733009906,44.61981949738361,48.08205634108715,I45_L5_on8.5_off4.5_500p_search,
45,5,9.0,4.0,500p,ok,False,133.08283706852998,44.887783062809014,44.60701462449465,48.06061539833323,I45_L5_on9_off4_500p_search,
45,5,9.5,3.5,500p,ok,False,120.55684419554446,44.880504443511626,44.5941908396483,48.039143539085494,I45_L5_on9.5_off3.5_500p_search,
45,5,10.0,3.0,500p,ok,False,119.9566652285215,44.873230135588976,44.58136728761234,48.01825343560235,I45_L5_on10_off3_500p_search,
45,5,10.5,2.5,500p,ok,False,124.33098156831875,44.86597441199129,44.56859109511845,47.99558033721065,I45_L5_on10.5_off2.5_500p_search,
45,5,11.0,2.0,500p,ok,False,139.45411297963614,44.858730797996046,44.5558716042449,47.97132181941873,I45_L5_on11_off2_500p_search,
45,5,11.5,1.5,500p,ok,False,134.22712585348518,44.85149688217714,44.5432373321624,47.948919237615904,I45_L5_on11.5_off1.5_500p_search,
45,5,12.0,1.0,500p,ok,False,120.06253827746201,44.84427077187106,44.53070274630023,47.925184960917626,I45_L5_on12_off1_500p_search,
45,5,1.5,12.0,500p,ok,False,121.44089469193752,44.99982770089773,44.80723817118237,48.397674751875655,I45_L5_on1.5_off12_500p_search,
45,5,2.0,11.5,500p,ok,False,142.19445675354655,44.99219809781342,44.794044528092144,48.37135128798117,I45_L5_on2_off11.5_500p_search,
45,5,2.5,11.0,500p,ok,False,146.50603365354584,44.984479237483775,44.7807660741427,48.349580466900896,I45_L5_on2.5_off11_500p_search,
45,5,3.0,10.5,500p,ok,False,135.36767382202456,44.97687735982767,44.76762541696784,48.332860652352174,I45_L5_on3_off10.5_500p_search,
45,5,3.5,10.0,500p,ok,False,133.99810201349558,44.96930988663608,44.75453865035847,48.31002350060442,I45_L5_on3.5_off10_500p_search,
45,5,4.0,9.5,500p,ok,False,146.9839327301363,44.961772979216676,44.7415028146139,48.287610743680276,I45_L5_on4_off9.5_500p_search,
45,5,4.5,9.0,500p,ok,False,140.25427496443888,44.954265612863836,44.7285106574394,48.26557717626599,I45_L5_on4.5_off9_500p_search,
45,5,5.0,8.5,500p,ok,False,147.72095896547194,44.94678592723797,44.71554468505098,48.242957527565565,I45_L5_on5_off8.5_500p_search,
45,5,5.5,8.0,500p,ok,False,146.75829071776832,44.93933149170175,44.70260973884827,48.218334911377745,I45_L5_on5.5_off8_500p_search,
45,5,6.0,7.5,500p,ok,False,125.68352917939511,44.93189997814047,44.6896705839164,48.199110678940706,I45_L5_on6_off7.5_500p_search,
45,5,6.5,7.0,500p,ok,False,124.66199207948502,44.92448579907091,44.67672539758064,48.17703533319453,I45_L5_on6.5_off7_500p_search,
45,5,7.0,6.5,500p,ok,False,131.80538501523665,44.91710420658278,44.66379212928732,48.15263837163569,I45_L5_on7_off6.5_500p_search,
45,5,7.5,6.0,500p,ok,False,123.79532920662577,44.90974380069354,44.650914337675324,48.13186099377357,I45_L5_on7.5_off6_500p_search,
45,5,8.0,5.5,500p,ok,False,136.92175245567515,44.902403911582745,44.63807321824805,48.111118738997355,I45_L5_on8_off5.5_500p_search,
45,5,8.5,5.0,500p,ok,False,134.36942626035813,44.89508463632926,44.62528587556504,48.0884074952728,I45_L5_on8.5_off5_500p_search,
45,5,9.0,4.5,500p,ok,False,141.80482589379713,44.88779323241015,44.61253233749049,48.066166393901945,I45_L5_on9_off4.5_500p_search,
45,5,9.5,4.0,500p,ok,False,124.6017964175584,44.880498887766294,44.59973651533488,48.04361357964448,I45_L5_on9.5_off4_500p_search,
45,5,10.0,3.5,500p,ok,False,120.53817874014987,44.873229839428554,44.58692383477725,48.022772221558924,I45_L5_on10_off3.5_500p_search,
45,5,10.5,3.0,500p,ok,False,119.93791232962506,44.865974469525284,44.574118872902126,48.00123985983656,I45_L5_on10.5_off3_500p_search,
45,5,11.0,2.5,500p,ok,False,137.34523888191183,44.85873081967491,44.561355891615534,47.977171945225905,I45_L5_on11_off2.5_500p_search,
45,5,11.5,2.0,500p,ok,False,137.4177417147032,44.851497640303485,44.54864884125858,47.95510173734639,I45_L5_on11.5_off2_500p_search,
45,5,12.0,1.5,500p,ok,False,129.3300246456385,44.84427161757403,44.536025469165715,47.932456691291485,I45_L5_on12_off1.5_500p_search,
45,5,2.0,12.0,500p,ok,False,123.20205444455753,44.992125400257706,44.79953749472589,48.37853129261338,I45_L5_on2_off12_500p_search,
45,5,2.5,11.5,500p,ok,False,140.80339968162932,44.984479286156024,44.78632727951859,48.35482127043245,I45_L5_on2.5_off11.5_500p_search,
45,5,3.0,11.0,500p,ok,False,133.2670167799214,44.97687787662483,44.77316692947108,48.337184685219846,I45_L5_on3_off11_500p_search,
45,5,3.5,10.5,500p,ok,False,123.31659086951015,44.96932211559247,44.76007288130346,48.315108269687116,I45_L5_on3.5_off10.5_500p_search,
45,5,4.0,10.0,500p,ok,False,143.76775170541308,44.961773393672125,44.74700583192177,48.29355380802544,I45_L5_on4_off10_500p_search,
45,5,4.5,9.5,500p,ok,False,145.8801242606872,44.954270623141625,44.734001876415896,48.27078798575527,I45_L5_on4.5_off9.5_500p_search,
45,5,5.0,9.0,500p,ok,False,147.29622119593628,44.94678591288576,44.721035036203276,48.24949369123434,I45_L5_on5_off9_500p_search,
45,5,5.5,8.5,500p,ok,False,138.97487455887065,44.939331268526956,44.70809473684615,48.223759667525286,I45_L5_on5.5_off8.5_500p_search,
45,5,6.0,8.0,500p,ok,False,142.335987347102,44.93190013803638,44.695182339786186,48.20369051225932,I45_L5_on6_off8_500p_search,
45,5,6.5,7.5,500p,ok,False,125.26408139260793,44.92448827417551,44.68226341446079,48.18269849664907,I45_L5_on6.5_off7.5_500p_search,
45,5,7.0,7.0,500p,ok,False,132.1064555240529,44.91710551536192,44.66935024176961,48.15918189612132,I45_L5_on7_off7_500p_search,
45,5,7.5,6.5,500p,ok,False,129.08709013892846,44.90974342263026,44.656442707263096,48.136120482768085,I45_L5_on7.5_off6.5_500p_search,
45,5,8.0,6.0,500p,ok,False,127.89761126595059,44.90240393912137,44.6435804816668,48.11644394598683,I45_L5_on8_off6_500p_search,
45,5,8.5,5.5,500p,ok,False,133.14536077729505,44.89508493515352,44.630760826228645,48.094681835164565,I45_L5_on8.5_off5.5_500p_search,
45,5,9.0,5.0,500p,ok,False,134.79251352614875,44.88778370097767,44.61799164922259,48.07187149280578,I45_L5_on9_off5_500p_search,
45,5,9.5,4.5,500p,ok,False,134.6619778311422,44.88049974240073,44.605245466343604,48.04911587971154,I45_L5_on9.5_off4.5_500p_search,
45,5,10.0,4.0,500p,ok,False,122.96958641156645,44.87322946030744,44.59247413652766,48.027130863947484,I45_L5_on10_off4_500p_search,
45,5,10.5,3.5,500p,ok,False,120.51946160352931,44.86597470745466,44.5796758204583,48.0060573196518,I45_L5_on10.5_off3.5_500p_search,
45,5,11.0,3.0,500p,ok,False,126.8480935080591,44.85873093688611,44.56688300165804,47.98295178386205,I45_L5_on11_off3_500p_search,
45,5,11.5,2.5,500p,ok,False,138.99051678313154,44.85149722477376,44.55413028796574,47.96046504696974,I45_L5_on11.5_off2.5_500p_search,
45,5,12.0,2.0,500p,ok,False,134.59581442973666,44.84427089771475,44.54142917203285,47.939072669173136,I45_L5_on12_off2_500p_search,
45,5,2.5,12.0,500p,ok,False,127.41744442743627,44.984479266724556,44.79189335691534,48.360854853208366,I45_L5_on2.5_off12_500p_search,
45,5,3.0,11.5,500p,ok,False,128.50658610731415,44.976932408942986,44.77878279050329,48.34123643453648,I45_L5_on3_off11.5_500p_search,
45,5,3.5,11.0,500p,ok,False,122.72658356786945,44.9693208349905,44.76561235372562,48.321107960125595,I45_L5_on3.5_off11_500p_search,
45,5,4.0,10.5,500p,ok,False,123.30312913909209,44.96177361748187,44.752527410777205,48.2987321840156,I45_L5_on4_off10.5_500p_search,
45,5,4.5,10.0,500p,ok,False,146.16390388497345,44.95426578596849,44.73950121751931,48.276374175495114,I45_L5_on4.5_off10_500p_search,
45,5,5.0,9.5,500p,ok,False,146.81672956995718,44.946786051044455,44.726523355352874,48.2549551457212,I45_L5_on5_off9.5_500p_search,
45,5,5.5,9.0,500p,ok,False,135.84309754904956,44.93933123362773,44.713584968038795,48.23010408201916,I45_L5_on5.5_off9_500p_search,
45,5,6.0,8.5,500p,ok,False,143.41733554490364,44.93189986772008,44.700668224223854,48.20760333228481,I45_L5_on6_off8.5_500p_search,
45,5,6.5,8.0,500p,ok,False,135.5257946431804,44.924488650802324,44.687776077731264,48.18800379823975,I45_L5_on6.5_off8_500p_search,
45,5,7.0,7.5,500p,ok,False,132.84640677189836,44.91710436895298,44.67488427356594,48.16564729573424,I45_L5_on7_off7.5_500p_search,
45,5,7.5,7.0,500p,ok,False,138.3303014955575,44.90974379940658,44.661993403800345,48.141761872839126,I45_L5_on7.5_off7_500p_search,
45,5,8.0,6.5,500p,ok,False,124.26467472903845,44.90240385550891,44.64910878162994,48.121317099931574,I45_L5_on8_off6.5_500p_search,
45,5,8.5,6.0,500p,ok,False,130.08127598970123,44.89508472218825,44.63626702254574,48.100268953312316,I45_L5_on8.5_off6_500p_search,
45,5,9.0,5.5,500p,ok,False,130.08303406626936,44.887784501695016,44.62346668452724,48.07810289333895,I45_L5_on9_off5.5_500p_search,
45,5,9.5,5.0,500p,ok,False,141.2023223189989,44.88049871321518,44.610711100373635,48.05558428005717,I45_L5_on9.5_off5_500p_search,
45,5,10.0,4.5,500p,ok,False,127.60984422588174,44.873230363695725,44.597983401014055,48.03186695714522,I45_L5_on10_off4.5_500p_search,
45,5,10.5,4.0,500p,ok,False,122.52112457193294,44.86597427982467,44.585226265524774,48.010665851189096,I45_L5_on10.5_off4_500p_search,
45,5,11.0,3.5,500p,ok,False,120.50091386049115,44.858731499076576,44.57243977451489,47.98843966629467,I45_L5_on11_off3.5_500p_search,
45,5,11.5,3.0,500p,ok,False,137.65436123024074,44.851497013314514,44.55965705043933,47.965317871198316,I45_L5_on11.5_off3_500p_search,
45,5,12.0,2.5,500p,ok,False,137.16991933993165,44.844271181270706,44.54691274847651,47.944589924750865,I45_L5_on12_off2.5_500p_search,
45,5,3.0,12.0,500p,ok,False,121.40848555960656,44.97687787164024,44.78429397474288,48.345751764980854,I45_L5_on3_off12_500p_search,
45,5,3.5,11.5,500p,ok,False,122.07819344176761,44.969321141924475,44.77117360688553,48.327234004544884,I45_L5_on3.5_off11.5_500p_search,
45,5,4.0,11.0,500p,ok,False,122.71442496838712,44.96177350673008,44.75806751702982,48.30332087285005,I45_L5_on4_off11_500p_search,
45,5,4.5,10.5,500p,ok,False,134.9394951538317,44.95426550349125,44.74502228513994,48.28214971585289,I45_L5_on4.5_off10.5_500p_search,
45,5,5.0,10.0,500p,ok,False,144.16053279339087,44.94678581946229,44.732024275541725,48.260117934382386,I45_L5_on5_off10_500p_search,
45,5,5.5,9.5,500p,ok,False,135.4368586338568,44.939331577112526,44.71907265054432,48.23696257192627,I45_L5_on5.5_off9.5_500p_search,
45,5,6.0,9.0,500p,ok,False,126.82609733526624,44.931900184181785,44.706157034633314,48.21244061355824,I45_L5_on6_off9_500p_search,
45,5,6.5,8.5,500p,ok,False,144.55924693293227,44.92448863913583,44.69326147994946,48.192975821622234,I45_L5_on6.5_off8.5_500p_search,
45,5,7.0,8.0,500p,ok,False,136.46033962768942,44.917104174933826,44.68039616590715,48.17153463603318,I45_L5_on7_off8_500p_search,
45,5,7.5,7.5,500p,ok,False,140.1430755408132,44.909744244012074,44.667524477207614,48.14800335439483,I45_L5_on7.5_off7.5_500p_search,
45,5,8.0,7.0,500p,ok,False,132.1406511028687,44.90240454933579,44.65465927735216,48.12570935019304,I45_L5_on8_off7_500p_search,
45,5,8.5,6.5,500p,ok,False,124.24820127516756,44.895084638828834,44.64179455289195,48.105392785634535,I45_L5_on8.5_off6.5_500p_search,
45,5,9.0,6.0,500p,ok,False,128.16563294162208,44.88778378163788,44.62897154009235,48.083975082270264,I45_L5_on9_off6_500p_search,
45,5,9.5,5.5,500p,ok,False,132.7807877489818,44.880498996662816,44.61618762647124,48.06163814992658,I45_L5_on9.5_off5.5_500p_search,
45,5,10.0,5.0,500p,ok,False,136.1729865031132,44.87322922080417,44.60346338955464,48.037643503199185,I45_L5_on10_off5_500p_search,
45,5,10.5,4.5,500p,ok,False,125.59942641969378,44.86597455028955,44.59073470834796,48.01537176764384,I45_L5_on10.5_off4.5_500p_search,
45,5,11.0,4.0,500p,ok,False,121.12264632306153,44.85873080359513,44.577990047434355,47.993755480415864,I45_L5_on11_off4_500p_search,
45,5,11.5,3.5,500p,ok,False,129.88637770851474,44.85149765962867,44.56521303791579,47.97028849001105,I45_L5_on11.5_off3.5_500p_search,
45,5,12.0,3.0,500p,ok,False,138.46175683616224,44.84367272354876,44.5518410784566,47.948755684367995,I45_L5_on12_off3_500p_search,
45,5,3.5,12.0,500p,ok,False,121.39170495525116,44.96930969618617,44.77672693164589,48.33243527362276,I45_L5_on3.5_off12_500p_search,
45,5,4.0,11.5,500p,ok,False,123.86719051358246,44.961773660698825,44.76362793903225,48.30849767512461,I45_L5_on4_off11.5_500p_search,
45,5,4.5,11.0,500p,ok,False,122.69798641855057,44.95426570405795,44.75056245275018,48.287590018854836,I45_L5_on4.5_off11_500p_search,
45,5,5.0,10.5,500p,ok,False,136.09274586240556,44.94678620792331,44.73754557240245,48.265468813584214,I45_L5_on5_off10.5_500p_search,
45,5,5.5,10.0,500p,ok,False,132.90987352255735,44.93933171461037,44.72457390849692,48.24330648733649,I45_L5_on5.5_off10_500p_search,
45,5,6.0,9.5,500p,ok,False,124.21581052330662,44.93190058391859,44.71164539508267,48.21815188187344,I45_L5_on6_off9.5_500p_search,
45,5,6.5,9.0,500p,ok,False,140.34149648475199,44.924489093739076,44.69875079562045,48.19729133930066,I45_L5_on6.5_off9_500p_search,
45,5,7.0,8.5,500p,ok,False,141.73730036002715,44.91710440265599,44.685882420556105,48.17697156755274,I45_L5_on7_off8.5_500p_search,
45,5,7.5,8.0,500p,ok,False,141.12817117226535,44.90974345082556,44.67303968632238,48.15441477944664,I45_L5_on7.5_off8_500p_search,
45,5,8.0,7.5,500p,ok,False,140.96986529871123,44.90240356168689,44.66019244796902,48.13103593068338,I45_L5_on8_off7.5_500p_search,
45,5,8.5,7.0,500p,ok,False,124.59787018568947,44.895084325060026,44.64734347420005,48.11055066596191,I45_L5_on8.5_off7_500p_search,
45,5,9.0,6.5,500p,ok,False,125.32910057660878,44.88778613027946,44.63450131525395,48.089144583803666,I45_L5_on9_off6.5_500p_search,
45,5,9.5,6.0,500p,ok,False,127.38239532896674,44.88049944080466,44.621693707081974,48.06751444638662,I45_L5_on9.5_off6_500p_search,
45,5,10.0,5.5,500p,ok,False,140.53771080608723,44.87323021150112,44.60892499806873,48.04465236082531,I45_L5_on10_off5.5_500p_search,
45,5,10.5,5.0,500p,ok,False,129.83635264991597,44.86597455864648,44.596203007447095,48.02034648650024,I45_L5_on10.5_off5_500p_search,
45,5,11.0,4.5,500p,ok,False,124.27809996085732,44.85873093268231,44.583497898207284,47.99891301142973,I45_L5_on11_off4.5_500p_search,
45,5,11.5,4.0,500p,ok,False,121.1043364358108,44.85149757599947,44.57076363225193,47.97604456273742,I45_L5_on11.5_off4_500p_search,
45,5,12.0,3.5,500p,ok,False,138.1360440502612,44.844278081435824,44.55800091170532,47.95390006908933,I45_L5_on12_off3.5_500p_search,
45,5,4.0,12.0,500p,ok,False,128.736620649157,44.96177345883207,44.76919264703159,48.31480281655544,I45_L5_on4_off12_500p_search,
45,5,4.5,11.5,500p,ok,False,122.0539031102073,44.954265411486226,44.75612160161411,48.29232291155737,I45_L5_on4.5_off11.5_500p_search,
45,5,5.0,11.0,500p,ok,False,122.68806662555579,44.94678604778554,44.74308799048541,48.27098123958403,I45_L5_on5_off11_500p_search,
45,5,5.5,10.5,500p,ok,False,127.57083579454982,44.93933112759023,44.730093653940166,48.24903856730275,I45_L5_on5.5_off10.5_500p_search,
45,5,6.0,10.0,500p,ok,False,123.7724510810047,44.931900337457584,44.717144911651665,48.22435616057055,I45_L5_on6_off10_500p_search,
45,5,6.5,9.5,500p,ok,False,124.20194415359485,44.924488528422515,44.70423725003016,48.201640073656336,I45_L5_on6.5_off9.5_500p_search,
45,5,7.0,9.0,500p,ok,False,144.31338853154028,44.91710479763019,44.69136818479844,48.18217541116839,I45_L5_on7_off9_500p_search,
45,5,7.5,8.5,500p,ok,False,142.57791209030208,44.9097434068605,44.67852557560434,48.16037576810532,I45_L5_on7.5_off8.5_500p_search,
45,5,8.0,8.0,500p,ok,False,142.5098493879516,44.902403600904094,44.66570446829255,48.13708925015088,I45_L5_on8_off8_500p_search,
45,5,8.5,7.5,500p,ok,False,132.5563947811141,44.895084921889726,44.65287820546488,48.11547001389838,I45_L5_on8.5_off7.5_500p_search,
45,5,9.0,7.0,500p,ok,False,124.58222446962883,44.88778342325553,44.64004752824099,48.094067071655104,I45_L5_on9_off7_500p_search,
45,5,9.5,6.5,500p,ok,False,125.05344163775919,44.88050099868532,44.627221734218175,48.07288755719425,I45_L5_on9.5_off6.5_500p_search,
45,5,10.0,6.0,500p,ok,False,131.94540586798527,44.87323066765448,44.61443056733581,48.050885166976606,I45_L5_on10_off6_500p_search,
45,5,10.5,5.5,500p,ok,False,137.0803189888559,44.86597914468683,44.6016799940171,48.026114767451546,I45_L5_on10.5_off5.5_500p_search,
45,5,11.0,5.0,500p,ok,False,127.63964010660187,44.858083848740065,44.588320052727504,48.00337282160646,I45_L5_on11_off5_500p_search,
45,5,11.5,4.5,500p,ok,False,121.75522006399731,44.850875226862904,44.575650241251424,47.9813513789972,I45_L5_on11.5_off4.5_500p_search,
45,5,12.0,4.0,500p,ok,False,132.11058959247484,44.844271407374244,44.56354477094525,47.95893143426945,I45_L5_on12_off4_500p_search,
45,5,4.5,12.0,500p,ok,False,133.24556837182325,44.95426546055836,44.76168639048111,48.29683563637202,I45_L5_on4.5_off12_500p_search,
45,5,5.0,11.5,500p,ok,False,122.04353801583582,44.94678587604918,44.74864392997491,48.27648209834772,I45_L5_on5_off11.5_500p_search,
45,5,5.5,11.0,500p,ok,False,122.67209157229857,44.93933152047422,44.7356329427054,48.254495377893434,I45_L5_on5.5_off11_500p_search,
45,5,6.0,10.5,500p,ok,False,123.25070410141979,44.93190090360089,44.72266557484865,48.23090781113388,I45_L5_on6_off10.5_500p_search,
45,5,6.5,10.0,500p,ok,False,123.7589070098403,44.92448842032391,44.709735889546344,48.20688930793249,I45_L5_on6.5_off10_500p_search,
45,5,7.0,9.5,500p,ok,False,137.3821243335953,44.91710539006408,44.69685772800525,48.18705410882062,I45_L5_on7_off9.5_500p_search,
45,5,7.5,9.0,500p,ok,False,143.47861723314648,44.90974335843834,44.68401348950431,48.16595040538671,I45_L5_on7.5_off9_500p_search,
45,5,8.0,8.5,500p,ok,False,142.67581940756438,44.902403935901816,44.6711902976866,48.14329384502834,I45_L5_on8_off8.5_500p_search,
45,5,8.5,8.0,500p,ok,False,141.03554998015233,44.89508473675274,44.65839028075273,48.12061353949617,I45_L5_on8.5_off8_500p_search,
45,5,9.0,7.5,500p,ok,False,124.78072283668887,44.887784017440325,44.64558207999939,48.099337445073886,I45_L5_on9_off7.5_500p_search,
45,5,9.5,7.0,500p,ok,False,124.56598066521144,44.88047638209582,44.63274566125105,48.07772496428105,I45_L5_on9.5_off7_500p_search,
45,5,10.0,6.5,500p,ok,False,126.32356737723649,44.87323194747181,44.61995736013366,48.056393206948435,I45_L5_on10_off6.5_500p_search,
45,5,10.5,6.0,500p,ok,False,140.2079719732238,44.86597418755699,44.607179733863696,48.03298370450496,I45_L5_on10.5_off6_500p_search,
45,5,11.0,5.5,500p,ok,False,131.4418814798152,44.858731161149485,44.594438270030544,48.00912104937977,I45_L5_on11_off5.5_500p_search,
45,5,11.5,5.0,500p,ok,False,125.69408287084279,44.851498481784915,44.58174027838079,47.987707793232815,I45_L5_on11.5_off5_500p_search,
45,5,12.0,4.5,500p,ok,False,122.55302030565748,44.84427180208177,44.56905263358386,47.964804202785125,I45_L5_on12_off4.5_500p_search,
45,5,5.0,12.0,500p,ok,False,124.95813980275176,44.94678643031074,44.754209136099696,48.28157108250689,I45_L5_on5_off12_500p_search,
45,5,5.5,11.5,500p,ok,False,122.02897266138692,44.93933724508207,44.74119915340266,48.25995979294113,I45_L5_on5.5_off11.5_500p_search,
45,5,6.0,11.0,500p,ok,False,122.65974005303013,44.9319002475696,44.728203771314725,48.237196492826904,I45_L5_on6_off11_500p_search,
45,5,6.5,10.5,500p,ok,False,123.2374411072832,44.92448873697274,44.71525639096288,48.212640161783106,I45_L5_on6.5_off10.5_500p_search,
45,5,7.0,10.0,500p,ok,False,123.74442362564993,44.917104239663416,44.70235532333887,48.191521183923285,I45_L5_on7_off10_500p_search,
45,5,7.5,9.5,500p,ok,False,141.44944796339084,44.909743620005855,44.689499914014505,48.171303926092264,I45_L5_on7.5_off9.5_500p_search,
45,5,8.0,9.0,500p,ok,False,142.0643338340582,44.902403813236255,44.67667852841745,48.1492902079047,I45_L5_on8_off9_500p_search,
45,5,8.5,8.5,500p,ok,False,140.96307245752686,44.895084613309166,44.663875403050596,48.12639392436254,I45_L5_on8.5_off8.5_500p_search,
45,5,9.0,8.0,500p,ok,False,131.58747030647405,44.887783778592585,44.65109363716923,48.10494374105117,I45_L5_on9_off8_500p_search,
45,5,9.5,7.5,500p,ok,False,124.76548922291617,44.880499528757305,44.63830282270713,48.08251668936565,I45_L5_on9.5_off7.5_500p_search,
45,5,10.0,7.0,500p,ok,False,124.55006330707069,44.87322956631067,44.625503860435586,48.06145170793178,I45_L5_on10_off7_500p_search,
45,5,10.5,6.5,500p,ok,False,132.17415964545853,44.86597373264544,44.61269009369081,48.03927285478088,I45_L5_on10.5_off6.5_500p_search,
45,5,11.0,6.0,500p,ok,False,137.40592077503266,44.858735891160634,44.599946898224935,48.014566002494135,I45_L5_on11_off6_500p_search,
45,5,11.5,5.5,500p,ok,False,129.15718234428869,44.851516186465446,44.58722979119429,47.99309556376696,I45_L5_on11.5_off5.5_500p_search,
45,5,12.0,5.0,500p,ok,False,122.60169712530981,44.844271097912184,44.57451994580072,47.97112893226158,I45_L5_on12_off5_500p_search,
45,5,5.5,12.0,500p,ok,False,121.34415304404075,44.93933243989054,44.746756697448845,48.26544951773512,I45_L5_on5.5_off12_500p_search,
45,5,6.0,11.5,500p,ok,False,122.01525293408353,44.93190910937517,44.73377135741865,48.24319721130883,I45_L5_on6_off11.5_500p_search,
45,5,6.5,11.0,500p,ok,False,124.81849013655369,44.92448858441844,44.720794677525056,48.218753217206704,I45_L5_on6.5_off11_500p_search,
45,5,7.0,10.5,500p,ok,False,123.22458849524095,44.91710479151851,44.70787534294913,48.19618744990261,I45_L5_on7_off10.5_500p_search,
45,5,7.5,10.0,500p,ok,False,133.11360535536605,44.90974468570591,44.69499905235487,48.17650422032429,I45_L5_on7.5_off10_500p_search,
45,5,8.0,9.5,500p,ok,False,140.07889601642168,44.902404185414504,44.68216420507693,48.15498383421514,I45_L5_on8_off9.5_500p_search,
45,5,8.5,9.0,500p,ok,False,139.11647937847766,44.89508483296148,44.669363486739286,48.13239844760761,I45_L5_on8.5_off9_500p_search,
45,5,9.0,8.5,500p,ok,False,140.18546977980162,44.887783846965206,44.65657895869175,48.110328645862324,I45_L5_on9_off8.5_500p_search,
45,5,9.5,8.0,500p,ok,False,124.80223456763791,44.88049892590671,44.64381339959203,48.087724255232054,I45_L5_on9.5_off8_500p_search,
45,5,10.0,7.5,500p,ok,False,124.74996400434078,44.873229672652315,44.631037199321945,48.06620815222789,I45_L5_on10_off7.5_500p_search,
45,5,10.5,7.0,500p,ok,False,126.09051715689911,44.86597506904196,44.61825344943104,48.044751902765015,I45_L5_on10.5_off7_500p_search,
45,5,11.0,6.5,500p,ok,False,140.13659788825615,44.858731009353335,44.60546685202062,48.020730466523275,I45_L5_on11_off6.5_500p_search,
45,5,11.5,6.0,500p,ok,False,132.21282366061172,44.851497605241626,44.592714427551705,47.998154695993385,I45_L5_on11.5_off6_500p_search,
45,5,12.0,5.5,500p,ok,False,126.73615745209695,44.844277911423454,44.57999658320933,47.97701568591563,I45_L5_on12_off5.5_500p_search,
45,5,6.0,12.0,500p,ok,False,121.62023460344513,44.93190008141042,44.73932169883332,48.24880625458652,I45_L5_on6_off12_500p_search,
45,5,6.5,11.5,500p,ok,False,126.36943569978605,44.924488369772284,44.72635290997155,48.22512101502111,I45_L5_on6.5_off11.5_500p_search,
45,5,7.0,11.0,500p,ok,False,128.78333909681734,44.917085619713255,44.713398823920485,48.201555835730204,I45_L5_on7_off11_500p_search,
45,5,7.5,10.5,500p,ok,False,123.21153886178361,44.9097565856387,44.700529657784195,48.18150588595379,I45_L5_on7.5_off10.5_500p_search,
45,5,8.0,10.0,500p,ok,False,135.28366364052638,44.90240378501947,44.68766176142059,48.160377535718,I45_L5_on8_off10_500p_search,
45,5,8.5,9.5,500p,ok,False,136.48453229208093,44.8950870289009,44.674850629795976,48.13831756911675,I45_L5_on8.5_off9.5_500p_search,
45,5,9.0,9.0,500p,ok,False,138.69558994779067,44.88778419804955,44.6620669037074,48.11587231731308,I45_L5_on9_off9_500p_search,
45,5,9.5,8.5,500p,ok,False,130.17780077918334,44.88049963552384,44.6492989238285,48.093608135801766,I45_L5_on9.5_off8.5_500p_search,
45,5,10.0,8.0,500p,ok,False,124.7873562358972,44.873229632692336,44.636548333616204,48.0709463977297,I45_L5_on10_off8_500p_search,
45,5,10.5,7.5,500p,ok,False,124.7343268376846,44.865974498632156,44.623780026032605,48.04979521262563,I45_L5_on10.5_off7.5_500p_search,
45,5,11.0,7.0,500p,ok,False,133.21278681718354,44.85873138842858,44.611014642715915,48.02704556356355,I45_L5_on11_off7_500p_search,
45,5,11.5,6.5,500p,ok,False,137.19122699231602,44.85149783490293,44.59823894327126,48.003242486959195,I45_L5_on11.5_off6.5_500p_search,
45,5,12.0,6.0,500p,ok,False,129.95245573703494,44.843672463485554,44.584896022118016,47.98176696525966,I45_L5_on12_off6_500p_search,
45,5,6.5,12.0,500p,ok,False,128.93874043274255,44.92449375479696,44.73192078658682,48.23141222103436,I45_L5_on6.5_off12_500p_search,
45,5,7.0,11.5,500p,ok,False,133.130671964994,44.91712684081548,44.71899231737075,48.20744941926442,I45_L5_on7_off11.5_500p_search,
45,5,7.5,11.0,500p,ok,False,122.6216008406634,44.90974391521408,44.70605434705269,48.186215574548456,I45_L5_on7.5_off11_500p_search,
45,5,8.0,10.5,500p,ok,False,127.43213790531176,44.90230984009749,44.69308667163091,48.165614760503495,I45_L5_on8_off10.5_500p_search,
45,5,8.5,10.0,500p,ok,False,132.75051182233386,44.89508529421452,44.680346468446814,48.1440011293046,I45_L5_on8.5_off10_500p_search,
45,5,9.0,9.5,500p,ok,False,134.46672399537803,44.88778361600872,44.667551190743126,48.12164748196244,I45_L5_on9_off9.5_500p_search,
45,5,9.5,9.0,500p,ok,False,138.7593075169542,44.88049933545987,44.65478608800486,48.09961629914746,I45_L5_on9.5_off9_500p_search,
45,5,10.0,8.5,500p,ok,False,124.68249511445937,44.87322954970305,44.6420335751278,48.07598009970484,I45_L5_on10_off8.5_500p_search,
45,5,10.5,8.0,500p,ok,False,124.77249972207304,44.8659748425782,44.6292981769832,48.054652234049854,I45_L5_on10.5_off8_500p_search,
45,5,11.0,7.5,500p,ok,False,126.54944046717377,44.85873178477951,44.6165484967412,48.03278639528066,I45_L5_on11_off7.5_500p_search,
45,5,11.5,7.0,500p,ok,False,139.96287811355757,44.85149757579062,44.603785860272666,48.00873945953783,I45_L5_on11.5_off7_500p_search,
45,5,12.0,6.5,500p,ok,False,132.80731689976253,44.8442718321634,44.591018039521664,47.987416516809944,I45_L5_on12_off6.5_500p_search,
45,5,7.0,12.0,500p,ok,False,134.75611855863085,44.917105012202114,44.72453352294796,48.21344040864514,I45_L5_on7_off12_500p_search,
45,5,7.5,11.5,500p,ok,False,129.9211624949128,44.909765783269954,44.7116331791678,48.191111456591806,I45_L5_on7.5_off11.5_500p_search,
45,5,8.0,11.0,500p,ok,False,122.60864763223003,44.902404385358395,44.69871724903989,48.17101415108441,I45_L5_on8_off11_500p_search,
45,5,8.5,10.5,500p,ok,False,127.50953723105464,44.89508452377507,44.6858639721541,48.149480937044096,I45_L5_on8.5_off10.5_500p_search,
45,5,9.0,10.0,500p,ok,False,130.29207472783185,44.88778506765592,44.673049313027,48.12744791466144,I45_L5_on9_off10_500p_search,
45,5,9.5,9.5,500p,ok,False,137.43107661429215,44.88049910792173,44.66027021613274,48.10530077486402,I45_L5_on9.5_off9.5_500p_search,
45,5,10.0,9.0,500p,ok,False,129.07151406092353,44.87322974405267,44.64753141568259,48.081640457735745,I45_L5_on10_off9_500p_search,
45,5,10.5,8.5,500p,ok,False,124.66793298309084,44.86597477528487,44.634782963330224,48.05945453697908,I45_L5_on10.5_off8.5_500p_search,
45,5,11.0,8.0,500p,ok,False,124.75649189437031,44.85873158656579,44.62206064532112,48.03809621409108,I45_L5_on11_off8_500p_search,
45,5,11.5,7.5,500p,ok,False,134.60073915992572,44.85149734705884,44.609318675053444,48.01482576667168,I45_L5_on11.5_off7.5_500p_search,
45,5,12.0,7.0,500p,ok,False,136.38569724755789,44.844279242457525,44.59657215945796,47.99249801813308,I45_L5_on12_off7_500p_search,
45,5,7.5,12.0,500p,ok,False,134.7432216821195,44.90974403836078,44.71717416354272,48.19654038564514,I45_L5_on7.5_off12_500p_search,
45,5,8.0,11.5,500p,ok,False,121.96475417265523,44.90239961276601,44.70427436044452,48.17622809013822,I45_L5_on8_off11.5_500p_search,
45,5,8.5,11.0,500p,ok,False,122.59611288652523,44.8950845390146,44.691399783953926,48.154828321399656,I45_L5_on8.5_off11_500p_search,
45,5,9.0,10.5,500p,ok,False,125.70021515340258,44.88778359916918,44.67856568640487,48.13308028978026,I45_L5_on9_off10.5_500p_search,
45,5,9.5,10.0,500p,ok,False,131.4628884555372,44.88049920300782,44.66576667139472,48.11092518781074,I45_L5_on9.5_off10_500p_search,
45,5,10.0,9.5,500p,ok,False,136.6365278728848,44.873229578732094,44.65300433964715,48.087785384452346,I45_L5_on10_off9.5_500p_search,
45,5,10.5,9.0,500p,ok,False,124.43191089372591,44.86597484117426,44.64026938583522,48.064415186123206,I45_L5_on10.5_off9_500p_search,
45,5,11.0,8.5,500p,ok,False,124.65338911943255,44.85873163788758,44.62754359518424,48.043171957000695,I45_L5_on11_off8.5_500p_search,
45,5,11.5,8.0,500p,ok,False,127.17657775357102,44.851497996096704,44.614829874028935,48.0208400907088,I45_L5_on11.5_off8_500p_search,
45,5,12.0,7.5,500p,ok,False,139.42569978939673,44.84427112574231,44.602096898410295,47.9977238982337,I45_L5_on12_off7.5_500p_search,
45,5,8.0,12.0,500p,ok,False,128.49429915598972,44.90240874915437,44.70984043572599,48.18122290316275,I45_L5_on8_off12_500p_search,
45,5,8.5,11.5,500p,ok,False,121.9576870366947,44.8950849950196,44.69695540087914,48.16020009571529,I45_L5_on8.5_off11.5_500p_search,
45,5,9.0,11.0,500p,ok,False,122.58346087176812,44.887783722635035,44.68410134045998,48.13858108127286,I45_L5_on9_off11_500p_search,
45,5,9.5,10.5,500p,ok,False,125.82037426453302,44.880499987796526,44.67128508708704,48.11654904658991,I45_L5_on9.5_off10.5_500p_search,
45,5,10.0,10.0,500p,ok,False,137.1246561599169,44.87323052494287,44.658500894518774,48.09396166498283,I45_L5_on10_off10_500p_search,
45,5,10.5,9.5,500p,ok,False,128.7720317721987,44.86597490086909,44.64575262949327,48.06963141618533,I45_L5_on10.5_off9.5_500p_search,
45,5,11.0,9.0,500p,ok,False,124.41777737487949,44.85873180402603,44.63303110217275,48.04814473817187,I45_L5_on11_off9_500p_search,
45,5,11.5,8.5,500p,ok,False,124.64127957175879,44.85149728291712,44.62031856719232,48.02649321997812,I45_L5_on11.5_off8.5_500p_search,
45,5,12.0,8.0,500p,ok,False,135.89341544426287,44.84427115825467,44.607607229623206,48.00347295584286,I45_L5_on12_off8_500p_search,
45,5,8.5,12.0,500p,ok,False,121.27086036851215,44.895085012344374,44.702515076164744,48.1656171799695,I45_L5_on8.5_off12_500p_search,
45,5,9.0,11.5,500p,ok,False,121.94549148240677,44.88778516091541,44.68965706904038,48.14393540326261,I45_L5_on9_off11.5_500p_search,
45,5,9.5,11.0,500p,ok,False,122.57053875536602,44.88050015367537,44.676820231707715,48.122122613822434,I45_L5_on9.5_off11_500p_search,
45,5,10.0,10.5,500p,ok,False,130.89856944091397,44.87323091230077,44.664018729482926,48.09982439556155,I45_L5_on10_off10.5_500p_search,
45,5,10.5,10.0,500p,ok,False,134.5186646567549,44.86597500404438,44.651248366982415,48.075381393262894,I45_L5_on10.5_off10_500p_search,
45,5,11.0,9.5,500p,ok,False,125.97567516046588,44.858731518175986,44.63851271606194,48.053125078954004,I45_L5_on11_off9.5_500p_search,
45,5,11.5,9.0,500p,ok,False,124.40449028955099,44.85149782913069,44.62580056722226,48.03184681613922,I45_L5_on11.5_off9_500p_search,
45,5,12.0,8.5,500p,ok,False,128.4594371008648,44.844282900051795,44.613103634230484,48.00946975459205,I45_L5_on12_off8.5_500p_search,
45,5,9.0,12.0,500p,ok,False,121.25862751982012,44.88779946923376,44.69523417435646,48.14929338958762,I45_L5_on9_off12_500p_search,
45,5,9.5,11.5,500p,ok,False,121.93423222081887,44.880493096628534,44.68236702436159,48.12760030749415,I45_L5_on9.5_off11.5_500p_search,
45,5,10.0,11.0,500p,ok,False,124.19721238406802,44.87322968886594,44.669551538575334,48.1055024636579,I45_L5_on10_off11_500p_search,
45,5,10.5,10.5,500p,ok,False,136.56947347293018,44.8659750290118,44.65676550801865,48.081517494207915,I45_L5_on10.5_off10.5_500p_search,
45,5,11.0,10.0,500p,ok,False,129.31167636338355,44.85874646931362,44.644024375956135,48.058239886570526,I45_L5_on11_off10_500p_search,
45,5,11.5,9.5,500p,ok,False,125.1884857199807,44.85149784284263,44.63128351617062,48.03703185507753,I45_L5_on11.5_off9.5_500p_search,
45,5,12.0,9.0,500p,ok,False,124.39120049211377,44.844271837784014,44.61857357123921,48.01522582636971,I45_L5_on12_off9_500p_search,
45,5,9.5,12.0,500p,ok,False,121.24619362260957,44.88049962296612,44.687935924007554,48.13296864601786,I45_L5_on9.5_off12_500p_search,
45,5,10.0,11.5,500p,ok,False,121.92139641091863,44.87322191034519,44.67509779023453,48.11104214007283,I45_L5_on10_off11.5_500p_search,
45,5,10.5,11.0,500p,ok,False,131.68655141378807,44.86597485990865,44.662299043562406,48.08779077942985,I45_L5_on10.5_off11_500p_search,
45,5,11.0,10.5,500p,ok,False,133.12487162634838,44.858731928699925,44.64952527166381,48.06353956571431,I45_L5_on11_off10.5_500p_search,
45,5,11.5,10.0,500p,ok,False,127.39017968642048,44.851497873497884,44.636782398083916,48.042156018362554,I45_L5_on11.5_off10_500p_search,
45,5,12.0,9.5,500p,ok,False,124.08605900089402,44.844270979830426,44.624060170565485,48.02079050907809,I45_L5_on12_off9.5_500p_search,
45,5,10.0,12.0,500p,ok,False,121.23356141046261,44.873232387204894,44.6806699718875,48.1165398701022,I45_L5_on10_off12_500p_search,
45,5,10.5,11.5,500p,ok,False,124.27025521869213,44.865975135997544,44.66785300344921,48.09379782018274,I45_L5_on10.5_off11.5_500p_search,
45,5,11.0,11.0,500p,ok,False,135.2759518291327,44.85873104656139,44.655057771746606,48.06917874334057,I45_L5_on11_off11_500p_search,
45,5,11.5,10.5,500p,ok,False,129.84726766259467,44.85149736419167,44.64229340431216,48.04731081582723,I45_L5_on11.5_off10.5_500p_search,
45,5,12.0,10.0,500p,ok,False,125.63900797793225,44.8442711337826,44.629557847835514,48.02617353994342,I45_L5_on12_off10_500p_search,
45,5,10.5,12.0,500p,ok,False,121.22151452375893,44.86597472028592,44.673413890052366,48.09954700277081,I45_L5_on10.5_off12_500p_search,
45,5,11.0,11.5,500p,ok,False,132.58264126031287,44.85873200069593,44.66061139879271,48.07518434979418,I45_L5_on11_off11.5_500p_search,
45,5,11.5,11.0,500p,ok,False,132.22795573765825,44.851497384130546,44.647826311905064,48.052558451605215,I45_L5_on11.5_off11_500p_search,
45,5,12.0,10.5,500p,ok,False,128.18642934289974,44.84427260037148,44.63507120742171,48.03148454348876,I45_L5_on12_off10.5_500p_search,
45,5,11.0,12.0,500p,ok,False,125.49624018827397,44.85873188407512,44.66617253313109,48.0814203661484,I45_L5_on11_off12_500p_search,
45,5,11.5,11.5,500p,ok,False,133.85535506818488,44.851497469049036,44.65337842942794,48.05793295959472,I45_L5_on11.5_off11.5_500p_search,
45,5,12.0,11.0,500p,ok,False,130.26811249506912,44.84427162970269,44.64060286675309,48.036747534504684,I45_L5_on12_off11_500p_search,
45,5,11.5,12.0,500p,ok,False,132.4750489116018,44.85149750581254,44.65893953678922,48.06349166698629,I45_L5_on11.5_off12_500p_search,
45,5,12.0,11.5,500p,ok,False,131.90907979347546,44.84427130013135,44.64615588449045,48.042094441838294,I45_L5_on12_off11.5_500p_search,
45,5,12.0,12.0,500p,ok,False,132.47452620241808,44.84427198530414,44.65171566560712,48.04749081121428,I45_L5_on12_off12_500p_search,
